activity_id,category,name,price,duration
1001,Adventure,High skin.,186.6216589876036,7.98360009712073
1002,Adventure,Trouble son mouth.,159.8213020194603,4.164699358621334
1003,Cultural,Tough building.,67.7777789624604,1.705621605292444
1004,Culinary,System part near child.,137.7505196319536,6.61750853251231
1005,Cultural,Character rule standard.,148.7660365686608,4.284952665004064
1006,Cultural,Culture positive.,169.1431799956621,4.641742810452214
1007,Relaxation,Name real mission.,99.75371580691984,1.30773858908188
1008,Relaxation,Wide wife.,124.9507612317477,4.804297732252722
1009,Relaxation,Campaign together watch.,188.5118354320123,4.215577647408965
1010,Culinary,Generation detail glass.,95.00576338455164,6.476154134507192
1011,Relaxation,Area nearly because heart.,192.1742223223455,7.772853030118791
1012,Adventure,Maintain south.,70.99624551528085,3.332127783028563
1013,Cultural,Pretty alone.,193.3882991001962,1.416431666197644
1014,Relaxation,Some.,83.26144708432648,4.984116370369714
1015,Cultural,Money.,97.74498315944702,6.50531893188809
1016,Relaxation,Often customer.,162.5797655048347,3.201166400380964
1017,Adventure,Former join boy.,189.0409692751517,5.155547049595643
1018,Culinary,East imagine.,175.8917800041759,4.978904149394526
1019,Adventure,Option newspaper left.,188.3836356314025,5.041615450565578
1020,Culinary,Role leader course.,198.8149460383237,2.674497960137189
1021,Culinary,Yeah participant.,107.9395371409378,4.955850030852244
1022,Cultural,Big fill.,107.6213029897799,5.317057691596051
1023,Relaxation,Interesting skin citizen.,155.3921126108221,7.957159293466367
1024,Adventure,Art vote sing.,171.6594648045973,2.264852323778
1025,Culinary,Indicate attack too.,54.8455403963113,2.573914583836228
1026,Cultural,Herself resource natural.,99.2698610692076,1.715243359254511
1027,Cultural,Focus six each.,168.5114024355818,7.466044195608625
1028,Culinary,Military office.,139.5521392874078,6.914151025156283
1029,Adventure,Dream body.,63.06146808584397,2.775629870271492
1030,Culinary,Special artist glass.,117.204143540847,4.522166194316474
1031,Culinary,Traditional matter many.,61.44651217074779,1.611802163787052
1032,Culinary,More campaign TV.,146.2554229814257,1.625402694130651
1033,Cultural,Though.,176.099517871482,2.270970820079655
1034,Adventure,Medical cup fly.,158.0245031644275,1.697048255132814
1035,Culinary,Media worry deal exactly.,139.9461401282532,5.096539127540258
1036,Relaxation,Since onto among.,112.8860852806525,6.601279819870092
1037,Culinary,Career here task.,69.97621208137924,6.465571115079372
1038,Adventure,City for.,167.6953270633379,6.765347293689199
1039,Relaxation,Impact low summer.,170.5498915748694,1.196670754935875
1040,Adventure,House teacher.,142.6847288810309,1.617708348982326
1041,Adventure,Contain hard.,172.5804419042115,7.69656960839295
1042,Cultural,Field performance better.,64.62527419537055,7.682228024356988
1043,Culinary,Life.,58.56480511736375,5.473518618324968
1044,Culinary,Administration owner sport.,76.60850154312064,6.545775226601613
1045,Adventure,Need character product.,184.4798899722987,1.702154935201858
1046,Cultural,Middle method need.,57.08813340666136,3.306754303074675
1047,Cultural,Feel concern.,173.0989242179023,3.72001766205652
1048,Relaxation,Wait turn.,177.686278153313,2.005444114307389
1049,Cultural,Pick successful.,90.90112418176591,6.142122939826432
1050,Adventure,Civil couple important.,137.6242803894661,1.607839400944913
1051,Relaxation,Under room campaign individual.,56.70983632419663,5.585630314756734
1052,Culinary,Senior understand church.,84.01859613380721,3.407581619637949
1053,Culinary,Peace goal.,67.43620503812356,1.725883919420168
1054,Cultural,Center shake church.,81.16099557784736,7.03802561384173
1055,Cultural,Cause structure.,69.64055635360329,7.428417535868581
1056,Cultural,Move protect customer.,71.14208769212799,4.178559446546164
1057,Culinary,Near doctor reduce.,117.2351070815417,2.497766419665276
1058,Culinary,Man fast most.,126.6653295972652,6.199850527372723
1059,Cultural,Work structure.,129.1710647005061,3.617548579834749
1060,Relaxation,Purpose local.,124.8676168864735,5.397834314039056
1061,Cultural,Team study.,149.3528702376456,1.894650380785666
1062,Cultural,Authority last.,139.0833607213592,3.748387074143636
1063,Cultural,Many community.,145.3725736405092,1.467407148554263
1064,Culinary,Land cell.,137.2362215802189,7.951354383090985
1065,Relaxation,Policy.,157.4248028070799,6.313017778859839
1066,Relaxation,Camera full.,150.988278444691,3.573338421874801
1067,Relaxation,These over actually.,55.96023008619517,3.005417963076454
1068,Culinary,Goal generation center.,109.3128155364983,2.218521342926689
1069,Relaxation,Present until.,102.129925567844,5.214944156463054
1070,Relaxation,Day floor almost.,134.0944683538841,7.142071302298992
1071,Adventure,Both few.,123.6359841116656,4.516991015026758
1072,Cultural,Rest.,124.9814369895565,4.71186864660157
1073,Culinary,Office item education.,70.70082809894555,1.890758792480375
1074,Culinary,Sort friend degree.,103.2751777397968,3.825450371528031
1075,Culinary,Structure better number.,139.6097430761209,2.110619060877644
1076,Adventure,Stay kitchen carry.,148.6015074986342,3.192167400717266
1077,Cultural,Society.,71.14497418771097,2.892667409676207
1078,Adventure,Turn energy president.,175.3006062300644,4.793464853500891
1079,Adventure,Bad government.,132.8351297497391,3.16296653421261
1080,Culinary,Unit claim open economic.,77.80613753997993,5.355468957128918
1081,Relaxation,Establish top again do.,127.0177418959158,2.414866644084429
1082,Cultural,Pick national guy significant.,50.33273717708266,1.718748768033724
1083,Relaxation,Develop contain resource.,81.23619876364916,3.335367019438341
1084,Cultural,Drug road between.,59.27714538014513,4.014955969839985
1085,Culinary,Example focus.,73.88632737759393,2.052678446472478
1086,Adventure,Blood bad cut.,52.74759676617718,2.668805166335827
1087,Relaxation,Movement everything hair.,184.4499219502873,7.266677917274805
1088,Cultural,Property short recently.,151.9505637519299,6.302653685281143
1089,Relaxation,Visit teacher back hour.,184.6591147863429,4.379992931571542
1090,Cultural,Enjoy along local fish.,65.43717130720643,4.574988434967523
1091,Culinary,Toward clearly.,103.7892084221904,6.95592435850536
1092,Culinary,Explain pretty teacher.,107.4537534632312,2.441932102525501
1093,Adventure,Create oil.,152.5365106156678,2.75981500279508
1094,Relaxation,Involve final fast.,188.7437402228184,2.67929281811288
1095,Culinary,Morning term hour.,61.75267447271903,1.607677046893036
1096,Adventure,Bag economy.,102.8006641211072,4.686895158396686
1097,Cultural,Opportunity player shake.,149.9373852403039,7.56952555711381
1098,Culinary,Nor form mean.,58.37443760562064,3.886293114593676
1099,Adventure,Education security.,77.45135750754119,5.252786700689947
1100,Culinary,Music imagine.,111.5249869115107,1.393956547991361
1101,Culinary,Question color.,163.3488608795984,5.637191859491399
1102,Culinary,Feel sea.,121.6190041594566,5.946283638068519
1103,Culinary,Event pretty month.,92.76326779915098,4.546971893709225
1104,Relaxation,Instead conference cut even.,107.0115219098869,2.108374033072578
1105,Cultural,Teacher offer effort.,161.3285625206875,6.274770562102217
1106,Cultural,Together product have.,71.55811870365014,4.088241982493995
1107,Relaxation,Various almost.,191.214181849957,4.109043296386181
1108,Culinary,Assume future hit.,82.3876385688547,6.926083030405309
1109,Cultural,Audience somebody democratic blue.,154.8463840110371,7.307100569075139
1110,Cultural,Control building.,57.87130873427182,7.505418085627543
1111,Culinary,Method man tree.,146.988513439628,3.943283471639563
1112,Cultural,Continue with.,103.1652555006675,7.359279666901095
1113,Culinary,Environment politics worry.,116.7438872223725,4.564135821573075
1114,Adventure,Gas.,174.8208798549374,3.803767816229472
1115,Relaxation,Network your cost.,58.02496747833676,4.200773367325622
1116,Adventure,Each.,55.31643411986626,4.13787943019181
1117,Culinary,Marriage against.,96.9878930834249,6.154792710058412
1118,Culinary,Book card.,165.7743311601228,1.168393149077277
1119,Cultural,Partner class.,169.1976131942224,1.387308097109468
1120,Cultural,Behavior century.,122.8734601267588,4.988229477403371
1121,Relaxation,Computer measure.,86.33646710369362,7.941760626883908
1122,Culinary,Factor building rather.,94.35664244247485,2.399851666282159
1123,Relaxation,Common.,97.19253380734779,3.991366791681116
1124,Relaxation,Popular science week.,185.9532023293323,1.760657445939898
1125,Adventure,Society customer race.,166.243176700857,5.665059468975874
1126,Adventure,More science when.,93.61044274950129,1.731728287164259
1127,Adventure,Along center.,69.98649856929454,1.43774031879112
1128,Cultural,Kid across.,59.69581998723795,1.975065430024438
1129,Adventure,Stop religious.,128.8233206261472,7.460968176593925
1130,Cultural,Professional or opportunity.,136.5269931039309,4.722869124606302
1131,Cultural,Pull career ability.,193.1150514900262,2.162688399902621
1132,Culinary,Four reveal.,59.86438636719119,1.126213503104966
1133,Relaxation,Cut run.,80.27576102256995,2.038365558588101
1134,Relaxation,Else.,74.41153047147267,7.116998603406935
1135,Cultural,Which training.,150.3954805905059,4.642349455518014
1136,Culinary,Research yes knowledge.,91.64589373444903,4.070480405629431
1137,Culinary,Federal whole.,165.3882527706162,1.009031526487899
1138,Culinary,Improve computer trade.,174.6951338457501,2.90806933887085
1139,Culinary,Hair education.,160.4942599398672,7.790070441584724
1140,Cultural,Without fall.,145.6365256920346,5.364462048580751
1141,Culinary,Hard choose.,155.9620836311607,6.051592690126293
1142,Cultural,Range majority history.,161.9147845811191,1.058777775499353
1143,Culinary,Support throw store.,185.6001576581113,6.108379370293436
1144,Adventure,Check majority.,168.490960743448,4.496859407998739
1145,Relaxation,Cold avoid room onto.,179.8214614874594,5.354936347165261
1146,Adventure,Send us maintain.,143.709472605371,3.61977459689744
1147,Culinary,Section high prevent.,116.6215999037764,2.360811355875555
1148,Adventure,Military situation.,199.5572473075746,4.737345344196289
1149,Adventure,Member player.,167.6672422887271,4.372951851943231
1150,Adventure,Discuss spring.,89.44491299720616,6.175690657814359
1151,Culinary,Suggest local hair.,159.7882570603813,3.208430357145546
1152,Adventure,Pattern which sell field.,100.0727565808982,7.692264144790617
1153,Relaxation,Rest series likely.,61.79714670493653,7.624247053222877
1154,Culinary,Consider concern.,175.9523915642933,7.17255510307178
1155,Relaxation,Skill.,132.8329051562088,5.383805758010962
1156,Relaxation,Number yourself clearly.,190.3335313532642,2.358751050771839
1157,Adventure,Talk medical rate.,173.2431923434825,7.593923140025024
1158,Relaxation,Air.,195.443594321067,2.784881527866057
1159,Cultural,Draw early.,192.0006602680471,6.928840813467725
1160,Relaxation,Indicate offer ability tough.,53.46156979883425,4.437481645075867
1161,Adventure,Believe old.,196.1602573624862,3.457402046471293
1162,Culinary,Likely law his.,101.7732555032098,7.504248319962429
1163,Culinary,Pick evidence.,117.4899715502303,7.568065576964653
1164,Cultural,Local since word.,126.2558034272802,5.133620321611033
1165,Culinary,Discussion use continue tax.,94.14779424902949,3.33866304977909
1166,Relaxation,Stuff.,105.3958015564027,5.418776379201818
1167,Relaxation,Never conference fly.,130.5897276568673,5.876297251858682
1168,Culinary,Author system.,93.16912180813623,3.25052462477879
1169,Culinary,Cut power box.,142.7264988768891,4.332446538404781
1170,Adventure,Window have.,157.0032964883329,1.034585449118654
1171,Adventure,Idea small.,188.5141839658113,5.957153393737854
1172,Relaxation,Wind.,63.77143212589881,5.85544885236769
1173,Relaxation,Power statement.,77.58285614519795,1.537749576086988
1174,Relaxation,Condition meeting new.,113.2558247517099,1.461108538616376
1175,Culinary,Wait instead.,139.0817214079218,1.170373700015776
1176,Culinary,Fall born military.,151.7162605321103,3.871311756512416
1177,Adventure,Chair cold resource.,196.3226004652957,3.786025122861163
1178,Culinary,Worker easy behind.,143.6111848228398,2.93012858093168
1179,Relaxation,Over school.,195.1369327489281,7.156170650263941
1180,Cultural,Learn force social.,74.32599163427037,2.907512419208133
1181,Culinary,Measure believe by.,164.6493071843512,6.81016989820281
1182,Relaxation,Image Mrs.,134.0491246102368,2.162288153995157
1183,Cultural,Single final director.,86.74085338943569,1.030573205050386
1184,Culinary,If avoid travel.,195.5737918289319,5.572208996681673
1185,Cultural,Worry.,144.6235805642772,5.203073439524811
1186,Relaxation,Thought realize.,99.5434544126946,1.422337187573104
1187,Culinary,Administration adult.,91.5845520417092,7.07318670501652
1188,Adventure,Feel claim.,165.9180718049723,4.922069723984386
1189,Relaxation,Human like party.,83.67632487907585,1.799258387531382
1190,Relaxation,Word.,193.4475285250327,3.001185907073874
1191,Culinary,Big discussion.,62.53162497719086,1.016955935496705
1192,Cultural,Woman once.,59.51919683299337,4.862385011576642
1193,Adventure,Meet produce.,117.7262268672612,3.41292503760465
1194,Relaxation,Foreign lose imagine.,106.2810185079812,1.834655718299497
1195,Cultural,I discover gas.,140.6553017387834,4.235202522684262
1196,Adventure,Difference record half.,154.4584246895059,1.236199023981755
1197,Cultural,Thank drug.,142.8912888205924,7.479806498186628
1198,Cultural,Area answer.,135.7977254331167,1.298469322230252
1199,Cultural,Job.,179.3489016470154,6.610002782672171
1200,Adventure,Save recognize good.,76.71143532462291,3.068286820347856
1201,Cultural,Pass war media cost.,130.5863651362347,5.869501190487743
1202,Cultural,Up hundred.,177.4107337405274,7.38359517281504
1203,Cultural,Law blood base.,179.0776557663114,3.381672416705358
1204,Relaxation,Home.,156.2526506220806,5.230276257913452
1205,Adventure,Build off already.,137.7856568493079,1.019860773077909
1206,Culinary,Summer nice system.,62.89508637857089,3.218446612741388
1207,Cultural,Player support a raise.,157.0742967984277,6.053626633163146
1208,Relaxation,Force someone.,145.084535811844,7.222147228683427
1209,Culinary,At financial nice.,143.050634321331,4.768384571377303
1210,Adventure,Ground success house always.,86.57161482271447,6.859869997144912
1211,Adventure,Hotel about with.,54.15047436424453,5.865604795936414
1212,Relaxation,Glass food chance.,55.48607757400367,4.20719056220538
1213,Culinary,Create create.,186.4845716303468,1.933171748017321
1214,Adventure,Nature figure.,194.8586246495689,3.541894996314115
1215,Adventure,Perhaps party education.,187.8466752224011,3.525502571095971
1216,Culinary,Democrat hundred foreign.,74.56859667873704,3.953067766876501
1217,Adventure,Record success.,117.1164757525651,6.050768551971194
1218,Culinary,World game.,119.8601815994179,7.062174098740988
1219,Relaxation,Situation.,190.140636211158,2.61671319697497
1220,Relaxation,Pressure finally.,92.2045315525211,2.654266418585554
1221,Adventure,Traditional adult.,195.1797224755015,7.861521280895594
1222,Culinary,Official subject me.,118.5120800834392,6.548260335211131
1223,Culinary,Dream key would.,72.80065331482837,7.087225744436806
1224,Adventure,Act item society.,100.917954092774,7.776780574952125
1225,Culinary,Improve.,147.1900275704414,4.328433902091512
1226,Cultural,Mother quite learn try.,178.3297456675623,3.970548435910127
1227,Adventure,Ball outside.,188.7185060365405,3.48928148188042
1228,Relaxation,Born world too phone.,73.09749703846077,5.258250176729799
1229,Relaxation,Police.,97.77214673429721,6.129699649519452
1230,Cultural,End site wrong.,180.7505537112998,2.63196727421968
1231,Relaxation,Focus southern.,199.9660865457945,7.434484355590362
1232,Cultural,Power keep pattern.,90.43208041748855,3.884596789386213
1233,Cultural,Form technology.,179.9584586711856,2.694882673418997
1234,Culinary,Travel amount difference.,96.46237970760399,6.057648546080547
1235,Adventure,Break spend American.,120.0489105715979,2.934053777304622
1236,Adventure,Here without.,128.2772245951757,6.379386776066589
1237,Cultural,Radio.,183.3636071928627,2.019183695326256
1238,Relaxation,Training half two.,100.979605577906,4.258871901751526
1239,Adventure,Forward firm.,50.31254414708932,7.467067996288625
1240,Relaxation,Near including floor.,191.6853257765009,1.289237835804482
1241,Relaxation,Sea continue argue.,93.00504712810809,2.815802006509276
1242,Cultural,Four.,119.8580271701915,6.591265941934566
1243,Relaxation,Maybe pull.,75.2062810024684,7.4371903151578
1244,Relaxation,Street peace.,177.3627523880888,6.243895277815516
1245,Relaxation,Our.,64.10491981648086,3.986649110021526
1246,Culinary,Guess cut.,164.7931327768777,3.788192394028369
1247,Culinary,Between.,50.12197766464222,7.302944129820799
1248,Adventure,Believe win hold.,60.78273060049799,3.159226850115281
1249,Cultural,Share eye put.,157.7780759087044,6.570635611114649
1250,Relaxation,Thing church pattern.,186.3154419576783,3.589889575805768
1251,Relaxation,May table main.,125.3142308462616,2.950904023010058
1252,Culinary,Of.,116.6817506634129,5.324490690208488
1253,Culinary,Election upon suffer.,190.7743856305917,1.724734660662206
1254,Adventure,Rock already under.,196.2939250093249,5.795614268485722
1255,Cultural,Song turn guess.,72.42189394492284,4.061676496317689
1256,Culinary,Mother budget that.,127.7080478822228,6.579420498968362
1257,Culinary,College role action.,130.4707206933198,1.417680785305181
1258,Culinary,Standard data know.,141.3990408482983,5.387310425230035
1259,Relaxation,Employee find weight.,136.8784375191112,7.856151000742296
1260,Adventure,Test.,79.60963011958921,2.891664403350895
1261,Adventure,Perhaps lose.,155.7262167007466,2.71995333659275
1262,Relaxation,Water I.,82.30642598621634,2.683260111887201
1263,Relaxation,Tree.,140.8917762355056,5.016424071830674
1264,Adventure,They make.,71.18578671587468,3.720179151847795
1265,Cultural,Day raise.,51.69295655998873,4.028994600465719
1266,Cultural,Marriage eye either.,131.2675921854527,7.52723807747009
1267,Adventure,Party dinner table.,71.3949646625828,1.595771351368304
1268,Cultural,Full also finish.,101.299853757316,7.586479788393863
1269,Relaxation,Law soldier assume.,136.6056559140119,7.150104645174383
1270,Culinary,See minute.,84.41714885634548,7.168524560813193
1271,Cultural,Accept offer work.,111.2496274443399,3.641932461919644
1272,Culinary,Run.,136.6551656799371,1.836111738374599
1273,Relaxation,Win national.,145.6713774190987,5.848951342315399
1274,Culinary,Door central six truth.,132.3597161812021,3.363241770840594
1275,Culinary,Develop memory foot.,160.2522323722883,4.315392725535572
1276,Culinary,Thought with.,66.41088099660521,5.123128837540797
1277,Cultural,Understand would.,84.25197416850037,5.587542514742069
1278,Adventure,Lawyer law will always.,163.8910885879068,5.801622329471931
1279,Adventure,Man.,149.1040554463183,6.361316057225094
1280,Relaxation,Teach start notice.,191.542353627942,5.589815611514741
1281,Cultural,We call perhaps.,159.3558683567884,7.083882438738745
1282,Cultural,Another road fund.,64.38966363582503,2.799240022379371
1283,Culinary,Exactly only eye.,191.2914849953285,2.135241178885722
1284,Relaxation,Else.,167.8850424604141,6.524791620455848
1285,Culinary,Third change.,128.42872331765,4.517531419703719
1286,Relaxation,Standard discuss compare.,57.01002862452536,2.202520040265233
1287,Adventure,Around state.,63.60848134329395,1.074296830264941
1288,Cultural,Clear bar financial.,139.0503317044202,1.044849362824471
1289,Cultural,Concern professional weight.,153.852583681968,2.900600821940252
1290,Cultural,High walk because.,99.53723693183487,4.177396607308199
1291,Relaxation,Manage seat.,193.9844234659602,4.887015102420013
1292,Relaxation,Establish building.,79.94047957579087,1.456549562642376
1293,Cultural,Process.,146.4567053864301,6.170763813786502
1294,Adventure,Create let above.,68.58261338702235,6.445334006171843
1295,Cultural,Shake his large.,129.9029332053653,1.150990703535174
1296,Relaxation,Whole.,95.8000735201573,6.536188601219378
1297,Relaxation,Simple close measure.,97.21321355204603,1.655337452046398
1298,Adventure,Only again enjoy.,102.6975716055236,6.043201139247667
1299,Adventure,Final audience.,80.28860404616103,3.667971475246345
1300,Relaxation,Gas with fly.,114.7692238260892,2.879496772785827
1301,Relaxation,Common decade.,198.0442397480884,4.196251098038516
1302,Culinary,Have statement.,149.124926494925,5.777745411988263
1303,Relaxation,Power case.,86.84904228174798,4.597316254789623
1304,Relaxation,Quickly third leg.,173.2188332336784,4.641076418540903
1305,Culinary,According American.,181.2228349199567,5.265179122712378
1306,Cultural,Power those themselves.,152.0425507530138,7.865102431080769
1307,Culinary,Deal religious.,144.1931291905511,2.10672321460588
1308,Culinary,Meeting far summer.,124.0920827801009,6.135266326448257
1309,Relaxation,Name town.,199.6271160248068,6.774377309708624
1310,Cultural,Carry six put.,160.804308217294,3.513848498933809
1311,Adventure,Example everyone.,110.7695957355093,7.190017012357996
1312,Cultural,Then see.,73.40183031672683,3.180237756309853
1313,Adventure,Model night traditional.,172.9999847545932,2.657593728939566
1314,Relaxation,Effort across enough.,196.120300269807,6.584269750630757
1315,Cultural,Let care edge.,184.6060627534974,5.416642244088232
1316,Culinary,Right trouble.,121.6645157554238,5.859316413350379
1317,Cultural,Amount reason.,89.47070175470839,4.425619603756906
1318,Culinary,Building care by.,70.59576197592085,7.681565598252161
1319,Culinary,Type would but race.,109.8935456498061,2.932057836335087
1320,Cultural,Much have.,198.3002636000827,4.918073309689907
1321,Cultural,Catch few reveal.,54.32730471149148,4.37997674093814
1322,Adventure,Should father buy.,98.4122473548899,1.546086003393756
1323,Adventure,Some system medical.,178.5389756290465,4.916093938362228
1324,Adventure,Interesting military trouble.,160.5922589998265,2.678011052150897
1325,Adventure,Walk together develop wide.,99.36354367686144,6.35929459574898
1326,Relaxation,Mrs significant.,181.270039622032,3.541464077047622
1327,Relaxation,Near.,51.69370185981347,2.097467236523125
1328,Culinary,Street line hundred.,184.6426363101485,3.350574687022692
1329,Adventure,Quite true.,191.101038246455,6.437273068706308
1330,Relaxation,Many world.,91.20716107680926,1.297337836200092
1331,Cultural,Mind likely.,106.5577678740229,2.425671803362725
1332,Cultural,Attack sometimes.,79.002099560447,1.432115099764419
1333,Relaxation,South old war.,120.3492230776417,3.798890302594483
1334,Cultural,Position stay.,181.3857967201961,1.612823488239953
1335,Relaxation,Movement find.,116.8792910900877,3.991059307861368
1336,Relaxation,Board Congress himself.,131.2747850292612,3.636251747871297
1337,Culinary,Challenge voice heart.,113.2754716343228,5.545178530340096
1338,Adventure,Treat certainly level.,80.0258645769084,3.571423307863528
1339,Culinary,Budget think.,51.56534392964682,1.262585096191077
1340,Relaxation,Threat order imagine.,87.17746743715409,6.907942635525299
1341,Cultural,Because back.,63.45417982568713,2.985395939176556
1342,Culinary,Election product if.,120.1053780544503,4.245211254405429
1343,Culinary,Spend until yourself.,176.9332931581078,3.437433488631857
1344,Cultural,Single more add pattern.,66.18343343031258,5.920036305977231
1345,Culinary,Scene sister.,55.67652121335422,5.183341924433638
1346,Culinary,Begin open.,158.6670487287602,6.324471691186918
1347,Relaxation,Seek happy their.,83.26508858739177,7.453142968940393
1348,Relaxation,Live truth day.,82.275958630297,5.330145305043084
1349,Culinary,Pattern I capital.,183.050074630997,6.743593037273821
1350,Adventure,Perhaps court eat.,51.83240416444686,5.762763419829702
1351,Cultural,Positive nice those.,178.2607297875369,6.213107996962606
1352,Cultural,Buy always section nation.,111.3158439304454,3.999079507790045
1353,Culinary,By.,141.751380377133,1.55598243618599
1354,Adventure,Off wife.,57.03278629488844,3.80254672856082
1355,Cultural,Key answer assume size.,89.74387719598657,3.190827315420004
1356,Adventure,Consider thus however.,136.0165005590042,6.977763928657112
1357,Cultural,Suggest who heavy.,169.3845305234554,1.74331642510719
1358,Culinary,Billion law election.,77.18946747798651,7.233766294139675
1359,Cultural,Old fall.,51.5206738373911,6.069629497887822
1360,Relaxation,Choice they participant.,195.6702051682738,5.196206236681126
1361,Culinary,Answer prove treatment.,176.1635468829802,1.021226033297963
1362,Cultural,Consider.,90.44554712410815,6.103020710952571
1363,Cultural,Sister left.,51.27127930548328,5.086965706346375
1364,Cultural,Only democratic.,171.5031636725853,3.190139353584314
1365,Relaxation,Assume crime anyone.,62.60892114858939,7.807716201602197
1366,Relaxation,Strong civil memory.,125.0875159666682,3.338533953210382
1367,Relaxation,Win which.,177.9143934340551,3.565666750714872
1368,Relaxation,Couple collection receive consumer.,83.00051839236446,3.672638270780837
1369,Culinary,Professor full mother.,130.2493884688987,1.128450791601995
1370,Relaxation,Sister front product.,122.9089142577875,1.867043621159591
1371,Adventure,Analysis fly almost.,131.5258297358698,2.050487029171199
1372,Adventure,Box prove.,137.7124815434533,5.450279302993835
1373,Adventure,Someone base nearly speech.,175.8515710911434,4.628245655616269
1374,Cultural,Others skill human.,95.0529647541651,2.968657732918182
1375,Cultural,Safe same.,77.34857847046267,7.413045663127288
1376,Culinary,Wide hour measure.,130.6834469670737,1.869212472909006
1377,Adventure,Population significant.,54.29371327967009,1.106739164922312
1378,Cultural,Water threat.,173.3041227475894,6.098226104494485
1379,Cultural,Occur.,182.1553320350264,5.691289823705654
1380,Adventure,Nor mind myself.,136.2160770230841,5.832647864292261
1381,Adventure,Range account officer.,179.9098394177791,6.463634517127596
1382,Culinary,Develop standard.,184.9942100395818,3.540062761532962
1383,Culinary,Friend impact anything.,64.66446448681937,3.028600819847276
1384,Culinary,She country everything.,146.0343254665015,7.25026540643626
1385,Adventure,Set remember.,153.4139509505652,4.749344774693449
1386,Culinary,General throw understand.,97.19787142844012,4.489632535821632
1387,Adventure,Blue cut claim.,188.9577671431288,2.71168144912815
1388,Adventure,Kid sound nearly.,104.0237506242707,6.225019081531424
1389,Relaxation,Performance financial.,175.4826116426051,1.932707832071616
1390,Cultural,Event.,80.06242193404924,6.864625223536348
1391,Relaxation,Player it by.,130.6567774583592,3.046365031030041
1392,Relaxation,Bag.,59.82316580623471,3.532032904717998
1393,Culinary,Middle continue level.,128.8979095369087,6.599340070174633
1394,Cultural,Loss.,120.450352123125,7.473699090638377
1395,Cultural,Us seat.,186.9685303854525,7.619666731338287
1396,Cultural,Here business strategy.,190.9281722987266,3.459211762758705
1397,Adventure,Important foreign TV.,127.0519593023071,3.111793954572819
1398,Cultural,Deep sit.,174.0466093435857,3.105057439221793
1399,Adventure,Themselves road.,154.895780424452,5.698294330726942
1400,Relaxation,Sign Republican decision.,84.07835213999402,6.558370836888764
1401,Adventure,Front husband.,198.09273697182,3.388025487249969
1402,Cultural,Green central.,167.4140381316103,6.370687654545907
1403,Culinary,Because control.,89.13607808860183,4.237792125034729
1404,Culinary,Certainly cold relate.,149.8862591887055,1.405819984355632
1405,Culinary,Stand structure.,114.1174435660596,6.220954002030434
1406,Relaxation,Ever work southern.,123.8592135593136,5.826581966623049
1407,Adventure,Outside class money.,62.4412180228599,5.603378762680803
1408,Cultural,I finally forward.,126.521288058632,5.154499303960187
1409,Cultural,Over million.,97.58393675786124,7.265039763465259
1410,Culinary,Up son may.,140.9628773876351,6.42288975175696
1411,Adventure,Fight visit.,95.74679191187067,7.88575339968943
1412,Relaxation,Among scientist.,84.13309037665496,5.586825224550449
1413,Cultural,Blue poor reflect.,68.2446383872319,7.047243574098628
1414,Relaxation,Anyone drug.,98.54548045581762,4.163816254059485
1415,Cultural,Policy few.,118.4606581109147,2.759419355509198
1416,Relaxation,Window know.,96.39378428035499,5.186198313964205
1417,Relaxation,Pretty financial the green.,153.5982277778907,5.747930454456258
1418,Culinary,Customer grow support.,173.4185371073312,7.689199482751994
1419,Cultural,That direction everything.,75.68268971383854,3.110960649680404
1420,Adventure,Cultural change once shake.,79.97671663427201,3.642069950951688
1421,Culinary,Perhaps half major.,168.1177430285181,4.160236617080354
1422,Adventure,Investment article ago.,196.5392118040318,1.267460585151065
1423,Relaxation,Nation lose.,198.5617870175415,4.542807335449369
1424,Relaxation,Discover ago.,85.43799564417722,5.806530559423034
1425,Culinary,Interesting speech support.,59.36333858537826,1.121795210022364
1426,Adventure,Ever discussion effort.,128.6044034877143,5.822086521290411
1427,Culinary,Most bit manager believe.,135.9095183520187,6.616759553160216
1428,Culinary,Interesting bring first.,159.8812719031909,3.892576065261141
1429,Relaxation,Daughter issue.,192.4257107476115,1.290902440563108
1430,Cultural,Program read.,144.9271346116802,7.036647620400476
1431,Relaxation,Everybody during.,117.513741610826,3.415822631861136
1432,Culinary,Other space past.,101.9687715329357,5.525923699019452
1433,Adventure,Then.,115.8283961180389,2.991196022727061
1434,Relaxation,Try decade hair.,59.21456860727611,1.601124916298759
1435,Adventure,Camera process sell stay.,148.9384020354978,4.92540694880043
1436,Culinary,Nation everybody gun.,188.7090032065075,6.426965837105024
1437,Culinary,Simple course practice.,90.44312309968821,3.818011917261039
1438,Relaxation,Than huge build.,121.1057299482213,6.780468308894895
1439,Adventure,Add.,144.1653520696379,1.896892923581534
1440,Adventure,Center.,155.013067814657,3.939518133623735
1441,Culinary,Visit.,159.559613867947,2.729048269683929
1442,Culinary,For story notice.,164.4621761101647,1.770145943787242
1443,Relaxation,Detail assume.,63.75110437795149,2.749392175320805
1444,Culinary,Identify create little.,186.1325564188368,4.98114158044606
1445,Cultural,At cost daughter.,147.6458968628712,7.203623491645851
1446,Culinary,Season support.,161.1851736125745,7.569182755295158
1447,Cultural,At.,171.7980352633679,4.339525052175595
1448,Adventure,Name character.,197.5990074636422,1.018229928616094
1449,Culinary,Fly staff before.,99.87420561078594,7.248084186042245
1450,Culinary,Know contain thank.,197.786454857999,2.715772425229009
1451,Relaxation,Method who.,68.1439331152885,4.226689347698308
1452,Cultural,Night sing.,114.8059577716879,3.450075309289743
1453,Culinary,Contain responsibility.,198.7156125962949,7.165338459783142
1454,Culinary,Technology lay my.,174.1259524482128,5.72728158641555
1455,Cultural,Occur what.,131.8841421847879,7.193916848496095
1456,Adventure,Several huge.,143.4150983505509,7.246822353446184
1457,Adventure,Trip face.,159.9471013952997,5.4108076917838
1458,Adventure,When response.,158.7997257225563,7.900547478084571
1459,Cultural,Similar husband.,62.05830585267018,5.294104977773623
1460,Relaxation,Process evening.,76.84245542561192,3.667410348555712
1461,Adventure,Look paper summer.,70.09282804975268,4.468336405158878
1462,Adventure,Two like of smile.,150.4952808557497,6.711452935320408
1463,Cultural,Expect red.,113.7414277139261,1.69594176787519
1464,Relaxation,Politics usually.,88.62455042552529,4.301774373607975
1465,Adventure,Customer long.,128.527308150023,5.405815528388811
1466,Cultural,Defense significant under.,172.3584369680844,7.797104829989028
1467,Relaxation,Whether wife.,105.8111352659605,7.378616650969282
1468,Relaxation,Door hold.,112.6525664399403,6.694281282353614
1469,Cultural,Difficult find more.,59.16032872459921,1.104633902965814
1470,Adventure,Ability.,84.52937908975423,7.695599550186638
1471,Adventure,Machine fine.,118.2478330745952,1.261969508260195
1472,Relaxation,Let return public.,106.1417387403865,7.834577822802557
1473,Cultural,Treatment he hand.,187.1882708632209,2.198683774337377
1474,Relaxation,Chair like.,176.3905781452992,2.639508061807363
1475,Adventure,Health dog.,96.61394639522052,6.853779163580032
1476,Culinary,Rest southern recent.,147.8109045066173,7.412501257871179
1477,Culinary,Size necessary.,68.98348105360314,1.807131006193489
1478,Cultural,Soldier dog bill.,99.44481598908033,7.464366663759341
1479,Culinary,Medical majority.,85.4975740778857,7.06072071443484
1480,Adventure,Economy yet former decision.,164.3851193868123,4.300104296394938
1481,Cultural,Apply forward training.,118.7335425393887,2.589622838045171
1482,Cultural,Process she.,85.88573202706095,2.044117216142927
1483,Cultural,Later series television.,76.3216119813806,3.001407315149579
1484,Cultural,Kid camera.,174.2626372666473,7.507517835560328
1485,Culinary,Soon whom.,80.55333938791917,6.209533280498595
1486,Relaxation,News.,172.5311110235024,6.976351608920329
1487,Culinary,Respond exist.,83.56500058151002,7.853935445755551
1488,Adventure,Energy call join.,80.29763204259172,1.80426737445262
1489,Cultural,Indicate father.,175.5676638612743,3.30159190980743
1490,Relaxation,Soldier few follow.,169.5111111100061,5.571563094853013
1491,Cultural,Whether.,71.35469369999817,2.771494609604203
1492,Relaxation,Though main keep.,56.33230973439641,6.938420965001391
1493,Adventure,Interview skill.,66.99469996510025,5.996780320009598
1494,Relaxation,Left reveal trouble.,126.4540738519251,7.785116753918185
1495,Culinary,Section only fine.,98.13650251564502,7.546363891403251
1496,Adventure,Any almost some.,156.6096014538364,4.867264131199676
1497,Culinary,One magazine week.,124.2664175791354,6.389104713000405
1498,Cultural,Interesting charge.,194.7525691624567,2.93404730731591
1499,Adventure,Newspaper concern.,101.0883684173435,1.546392126865861
1500,Relaxation,This manager especially.,155.8511186409203,2.602081851298209
1501,Cultural,Fund like.,195.3890405987238,1.153661326578413
1502,Adventure,Perhaps.,120.1652478465419,2.870137979510084
1503,Cultural,Glass nation police.,109.5832090643527,5.390778215608384
1504,Relaxation,Blue.,63.78576287540076,2.697204124911977
1505,Culinary,Sport player.,64.19891512566682,4.670968645219599
1506,Relaxation,Product bank rock.,58.58956058494914,6.354447872489899
1507,Relaxation,Could necessary stay.,117.63365262314,4.142526651187088
1508,Adventure,Range agree.,188.708845165764,1.453371678865421
1509,Relaxation,Film yeah act.,67.88237532886671,4.567585809525777
1510,Culinary,Community word office.,196.0475093446543,6.876768661861153
1511,Relaxation,Fill thank hope.,125.5996596260444,3.190872158320099
1512,Relaxation,Prove discuss magazine.,52.67011118785491,3.687638924885729
1513,Adventure,Foreign but kitchen Democrat.,68.05237970073375,3.671211825439957
1514,Culinary,Decision.,81.34932967607467,7.581895099618105
1515,Cultural,Community.,133.0566610152213,3.738559420152192
1516,Culinary,Lot system author.,178.8054081496227,7.694435337992065
1517,Culinary,Use heart.,134.0713215908785,4.002325332244945
1518,Adventure,Sometimes apply.,55.81152329325035,6.330825550789481
1519,Cultural,Middle speech debate contain.,89.13244376443926,7.020132843499657
1520,Relaxation,Song right.,184.3687703678717,1.619754456969806
1521,Relaxation,Heavy.,129.8903620596166,2.194867205584194
1522,Adventure,Woman.,52.7750270355018,1.497734251496935
1523,Cultural,Enough couple wide.,107.8867316652352,3.297777892601468
1524,Adventure,Cultural sign.,149.1463695544263,4.596914383459278
1525,Cultural,Evidence home.,145.21748138385,7.330785108562924
1526,Cultural,Result source season.,158.6422963104715,2.321096717904203
1527,Adventure,Improve firm.,162.6148222552502,7.185836174338809
1528,Relaxation,Person night trial.,53.33972682828561,1.835296765258152
1529,Culinary,Lot care personal.,117.5767465030018,6.18739529408234
1530,Culinary,Help plant focus.,125.897317710819,1.961227153126105
1531,Cultural,Room fly friend.,186.0798325011177,7.97207630005731
1532,Relaxation,Blue into.,92.31033560657457,7.560012655158508
1533,Adventure,Imagine find child game.,198.2466872616556,6.80276304121283
1534,Relaxation,Response above behind make.,163.1685275430883,5.184147763895571
1535,Relaxation,Situation next fire.,144.3376759435241,5.685161217294917
1536,Relaxation,Six nature.,113.1685715992811,5.750107244662387
1537,Culinary,Seem detail.,103.1878017191147,4.852843485985974
1538,Adventure,Eye song.,125.3468553272554,4.608699607895788
1539,Adventure,Write include per.,142.6487810372171,4.64564416196985
1540,Cultural,Investment ever whom.,82.31479674265759,7.264309248654207
1541,Culinary,Also simply.,76.54017437988841,6.472431319770653
1542,Relaxation,Area site detail.,115.0969403980158,7.905787399482972
1543,Culinary,Arrive sense me.,191.9405722339062,3.539156717005978
1544,Culinary,Less daughter list.,168.039680090093,1.888034075090899
1545,Culinary,Beyond audience door thus.,140.0599450665727,2.027520910233045
1546,Culinary,Current school.,193.8033901733508,6.259477049383822
1547,Adventure,Ask bed.,165.4506672192279,4.131122183387637
1548,Cultural,Amount ready affect.,157.3120531204438,6.311130706696479
1549,Adventure,Price way.,180.6955808571648,6.754248620788998
1550,Adventure,Might song.,71.26897247317544,2.399937748763051
1551,Relaxation,Suddenly my.,92.23099155486767,2.792847703291157
1552,Adventure,Military economic benefit.,134.8039625492914,4.469261625028938
1553,Culinary,Thousand weight red.,198.7478220841531,2.659550661040204
1554,Culinary,Condition style popular.,58.60389510830672,1.012333925984427
1555,Relaxation,Its.,131.9477384746425,6.31463125248165
1556,Culinary,Test clear.,99.59427204507514,6.324426816350235
1557,Culinary,Necessary face speech.,83.95806808267872,2.744939433530606
1558,Cultural,Article color.,161.3927507738414,4.839972010410444
1559,Cultural,Window girl black.,101.0764213820918,1.867656386327784
1560,Cultural,Hundred safe recent.,170.5692337703836,3.370114869721133
1561,Culinary,Cold evidence management that.,143.4974939944859,6.932592998531804
1562,Culinary,Senior career.,130.3832024733683,5.40260828867333
1563,Relaxation,View prepare one.,145.0809175870305,2.752184483941585
1564,Culinary,Stuff put billion.,103.1353651419412,2.226297202993714
1565,Adventure,Find rise check.,85.33197568694685,2.594491565630612
1566,Relaxation,Argue at.,96.38920621622862,1.488372423868253
1567,Adventure,Training class.,100.7315469390749,1.130029550202568
1568,Cultural,Manager grow concern.,51.47544163251933,1.890697804830254
1569,Culinary,Even receive him conference.,51.50162722188056,2.034321819067584
1570,Relaxation,Explain religious which.,127.7769907891848,2.983167475226222
1571,Culinary,Six say.,136.7581813754964,7.590690507243042
1572,Adventure,When rate.,110.3711390630467,5.930821043028836
1573,Culinary,Ready.,156.7884733932072,7.760518591619179
1574,Adventure,Authority west class.,135.6559734705388,2.228406265038066
1575,Culinary,Also child visit.,69.65538151841656,7.146140958903032
1576,Cultural,Indicate PM.,191.7142388189485,3.438474738880422
1577,Adventure,Walk left.,85.68835501550986,5.9884578188328
1578,Adventure,Might arrive.,191.2763797903054,2.785635893598567
1579,Adventure,True data.,157.4909405937745,7.532223342165575
1580,Cultural,Game staff fish.,138.4748891615043,5.626272553409991
1581,Adventure,Last perhaps heart.,68.94923362848965,4.142113353235802
1582,Cultural,Base happen.,193.1992535218909,7.488209713368954
1583,Culinary,Red father once.,91.02606185857361,6.891550351838761
1584,Cultural,Moment song.,75.68991205805588,2.914532890240138
1585,Relaxation,Try purpose.,181.5750543706206,3.465661425766388
1586,Relaxation,Other live.,83.78150173173185,5.980055140631475
1587,Culinary,Boy administration.,79.15159341874659,5.292417644837734
1588,Adventure,Result already.,180.1118881243914,2.387596974774008
1589,Cultural,Cultural network.,192.9641969147612,1.276139150965985
1590,Culinary,Even win.,56.30486745696506,4.068192178565801
1591,Relaxation,Sport mouth.,197.7933592689668,2.202345173637179
1592,Adventure,Peace born born.,105.5992458479345,1.824992880556789
1593,Culinary,Cut perform way.,117.6841140127947,5.310144524548805
1594,Adventure,Reflect thing.,61.5346312934521,6.412740810738748
1595,Culinary,Sport free.,79.26487058097749,3.01417853652542
1596,Cultural,Attack build.,82.84993765710482,1.078754971095524
1597,Cultural,Security marriage.,64.2544088120634,5.533152174437622
1598,Cultural,Democrat about she.,183.1881353518367,3.051863641839564
1599,Adventure,Whole.,99.30009729384557,2.986529319713869
1600,Adventure,Scene experience school.,163.0324593866169,3.167018181961203
1601,Relaxation,Back goal election.,69.34083622027819,5.42912203471603
1602,Relaxation,Image.,91.16517434114945,7.793359191272593
1603,Relaxation,Guy foreign.,108.4110068878031,3.001316634314309
1604,Culinary,Window build.,153.7063655784424,2.566265308070729
1605,Adventure,Hand part.,190.5686915852118,7.136266195458995
1606,Culinary,Garden.,196.7646040803202,4.491610543235612
1607,Cultural,Street image.,126.9969752593634,7.620655297475411
1608,Culinary,Pressure pass.,130.3522418997355,3.585702000971307
1609,Culinary,View surface a money.,146.7355965507041,5.459763923469007
1610,Relaxation,Lose actually common.,173.5713881970943,5.707004134728617
1611,Adventure,Knowledge data new.,150.0646348213129,4.816991137716581
1612,Cultural,Election beautiful.,175.9464605676469,6.275156837303747
1613,Relaxation,Statement rise yeah.,100.6868541683065,1.324935339385638
1614,Culinary,Suddenly easy hard.,189.2176564471142,4.436233721562392
1615,Culinary,Business point.,194.852417885647,1.382614833622519
1616,Relaxation,After.,117.6001516961952,2.277090542105996
1617,Cultural,Amount church.,178.5465993333012,7.908457468287139
1618,Relaxation,Someone measure.,159.495418733363,4.995816312434136
1619,Relaxation,Speak staff quite.,55.51459784809379,3.294145718594491
1620,Culinary,Nice after.,98.11591908860139,1.504114820534173
1621,Culinary,Head spring suddenly.,178.797991703364,6.929174274259369
1622,Cultural,Herself even.,68.49219149831836,7.323688277512229
1623,Adventure,Six often.,151.7048014340019,7.526272130028275
1624,Cultural,Share exactly nothing outside.,133.884347216965,6.287441191410717
1625,Culinary,Trip eye want.,165.9623252351399,6.423534577810892
1626,Cultural,Main avoid.,115.8046784240383,6.092668184624168
1627,Culinary,Like practice drug.,194.910306899615,4.870417232918932
1628,Culinary,Past raise.,136.6434707659469,4.300114062351255
1629,Cultural,Economy garden visit would.,173.1753683853049,2.911964238389841
1630,Adventure,Order see.,104.3226197654563,3.527905398400874
1631,Culinary,East two.,85.33334150821156,4.019802562733521
1632,Relaxation,Thus claim.,111.0524689505842,1.139223224419684
1633,Cultural,Day national.,193.689142254223,7.645585176673172
1634,Relaxation,To indicate.,158.0212063295408,6.500045489965227
1635,Culinary,Do capital today.,102.0466311195276,3.817259689474103
1636,Relaxation,Stay mention.,157.6101861117956,7.877106409274425
1637,Culinary,Growth along.,56.52072747486588,2.244974982590162
1638,Culinary,Cost wonder.,186.800926466732,6.357309200469379
1639,Relaxation,Reflect decide.,54.311771044731,5.384993669501917
1640,Cultural,Senior industry media.,104.5369935466466,6.84038546727725
1641,Adventure,Summer certainly enjoy.,199.9275287706595,4.43956935484476
1642,Cultural,Represent people system network.,57.95079111354585,3.591820143880079
1643,Culinary,Nice product child.,148.3115560956849,1.360258315418856
1644,Relaxation,Television traditional reality.,146.2832251823828,1.332975756777635
1645,Relaxation,Answer fact build.,172.4510526802897,2.701686087760356
1646,Adventure,None military lawyer.,68.0218152660865,4.095133974100731
1647,Cultural,Threat business which.,60.28585596698734,2.047525273475125
1648,Adventure,Little style.,187.7393554534437,5.034215410537444
1649,Relaxation,So foot tax hand.,188.2531057149594,7.833367263787817
1650,Relaxation,Within myself.,173.8214137521178,1.465783131812983
1651,Culinary,Partner play.,197.1877950480123,3.244363232736003
1652,Adventure,Vote ask business.,174.3033346504494,5.16405390098102
1653,Cultural,Tend debate international.,115.7407105571745,7.535867352691192
1654,Adventure,Story role owner.,122.7455534569411,2.238631674300199
1655,Culinary,Government.,157.6966833359554,5.156692144938896
1656,Adventure,Worry.,63.59482081146346,1.964297743607162
1657,Culinary,History company two.,176.5296741257933,3.920609426296473
1658,Adventure,Drug commercial activity.,94.39559531852564,6.311769179071151
1659,Cultural,Gas floor finally.,127.1163707177973,4.751949436881868
1660,Culinary,Green security lose.,57.73765343823638,2.40213699994593
1661,Relaxation,Fear teach.,73.2986811050703,6.046511972729393
1662,Cultural,Very campaign design.,192.7497036500318,3.02115802297728
1663,Cultural,Can stage image.,176.3530877656921,3.801156597237943
1664,Cultural,Spend.,173.2179102727586,3.581797233289946
1665,Cultural,Price partner quickly.,121.9836843799627,1.155672622507473
1666,Culinary,Relationship street.,88.95124459232777,1.37292858483681
1667,Culinary,Provide give grow guess.,169.6558336824593,4.267187603162801
1668,Adventure,When defense our.,76.32002233433562,6.921955967669636
1669,Culinary,Daughter can prove.,72.52260351304841,6.629975998119354
1670,Cultural,Prevent want.,180.5980933118362,7.109512335539151
1671,Relaxation,Later Mrs.,130.712363616739,1.893232315328873
1672,Cultural,Decade action lay.,90.6624586316691,1.085395469555145
1673,Relaxation,Sense down take.,193.615869635201,7.133967067804559
1674,Relaxation,Five and relate.,128.1780012794283,5.460530119291375
1675,Relaxation,Leg that.,95.81956899159005,4.086842035323503
1676,Cultural,Simply religious performance than.,89.66271497488631,7.921141158044758
1677,Cultural,Officer lot.,50.57586291917995,5.360165837042165
1678,Adventure,Strategy why share box.,189.405633707745,7.952598215272734
1679,Adventure,Quality ready.,133.3634588084022,1.453383066025913
1680,Relaxation,Easy soon.,168.4282852406876,2.836405744369161
1681,Relaxation,They east.,192.4248391623324,6.394724529018947
1682,Culinary,Gun free they little.,170.4798057751541,7.642333334836303
1683,Relaxation,Kid voice visit.,97.24759820472288,5.162442673373274
1684,Culinary,Reason director.,112.7521640918372,5.156688051136057
1685,Adventure,Measure phone.,98.02502285659072,2.342445359578462
1686,Cultural,Easy audience.,71.75576818075098,1.507914338884102
1687,Relaxation,Area.,183.6311790813474,4.308617453591511
1688,Culinary,Whether crime.,144.696762395883,7.827453698001302
1689,Cultural,Scientist form.,108.2365522534519,5.18320366994574
1690,Adventure,Campaign throughout.,196.2809674765486,1.961660705217902
1691,Adventure,Check finish.,58.42933476094636,3.667719403779704
1692,Culinary,List visit.,62.60408508148927,3.95633516060777
1693,Cultural,Student almost history.,153.6203497699497,4.533096617950494
1694,Culinary,Brother president.,132.0041350343276,3.16734725044313
1695,Cultural,Stop player yard.,124.6199245199023,5.425041370908334
1696,Culinary,Difference sound.,108.8904603148901,1.44847296438394
1697,Cultural,But career truth.,65.83245582356096,3.946084652427007
1698,Relaxation,Middle door several.,78.97506699652831,2.129218943710406
1699,Adventure,Letter need bed.,175.0791494504876,6.726432082158018
1700,Cultural,Special body become.,184.1944972242646,6.9034106500784
1701,Cultural,Anything.,140.6323039514662,2.110696414214254
1702,Cultural,See material.,98.67046446417609,4.66941357434782
1703,Culinary,Fear him prove.,80.29066106352391,2.244141718332147
1704,Adventure,Cup door.,126.0444208932781,3.432877327441662
1705,Adventure,Mrs ball.,185.4487281604574,5.903554983384302
1706,Adventure,Put always manage morning.,119.1226190855394,3.278161811062893
1707,Culinary,Strong exist significant than.,80.46859115814246,7.471313057539278
1708,Relaxation,Develop expect receive.,83.65399318132106,4.286680160729428
1709,Culinary,Impact animal mother.,188.1882453860233,6.978673343293807
1710,Culinary,No answer her allow.,53.15230488954752,7.029867615559772
1711,Cultural,Modern include.,121.3080317352119,7.965699373241753
1712,Culinary,Do threat area.,113.8986363320179,1.073358949704465
1713,Culinary,Score goal do.,180.160544936205,2.887946901187602
1714,Culinary,Increase discover respond individual.,65.39799663185451,2.879102619136358
1715,Relaxation,Receive account development.,56.95306680440459,1.764740421833792
1716,Adventure,Next upon.,89.32375395464449,3.77329104736395
1717,Relaxation,Spring compare whole.,171.1670891897297,4.602603779486485
1718,Adventure,Close girl finish.,87.84544990083026,7.407651171413731
1719,Culinary,Travel least.,53.56451211373407,3.343753729136781
1720,Culinary,Of score.,159.3287211319337,2.205210137233142
1721,Adventure,Generation customer.,80.15716220192306,6.061528370570318
1722,Cultural,Already others lot.,172.9403510108692,2.676448035990543
1723,Cultural,Agreement smile remain.,62.24167361203953,7.715925790526004
1724,Adventure,Keep they case.,180.485825107357,1.66565137205639
1725,Relaxation,Maintain here its.,57.92565095218451,6.046828483748339
1726,Cultural,Middle best success.,72.83354822902403,5.018508902739314
1727,Relaxation,Must of.,67.01697220355655,6.640548103092394
1728,Cultural,Describe artist.,184.8466836944505,5.762197355538954
1729,Cultural,Benefit idea.,150.1088952556279,7.57159384283561
1730,Relaxation,Little successful account.,99.32359015102345,5.212780337795726
1731,Cultural,Best job rather.,188.162606541293,6.357608491123822
1732,Adventure,Ready long what.,182.055443838974,1.435566364164137
1733,Cultural,Marriage yet account.,184.8960345353354,4.817677975885932
1734,Relaxation,Side no.,93.07383664793889,1.834504026104163
1735,Cultural,Customer.,134.1233924586042,6.574673414797519
1736,Culinary,Training bad.,165.3020721152832,2.27583115848515
1737,Culinary,Item central.,151.4644613422058,1.877107069989661
1738,Culinary,Sing including citizen.,169.4520738962864,5.143197101985484
1739,Cultural,Conference statement.,87.48051468510383,3.133404651265687
1740,Culinary,Three themselves.,86.40645074117296,4.362854734392356
1741,Culinary,Eat military gun.,62.60184242861054,2.506714955147171
1742,Cultural,Tv reveal black.,135.1716046324806,2.487767691170493
1743,Cultural,Movement pick only worry.,54.3870519508764,2.807083560414015
1744,Cultural,Available race money.,128.7758912770128,2.687177521863827
1745,Adventure,Middle low three woman.,81.18101807849236,2.126727226098618
1746,Cultural,Any analysis modern.,193.068200934609,5.182067217665666
1747,Relaxation,Issue detail off.,133.7728009712699,4.572089190025417
1748,Cultural,Lot them available.,197.8638251256944,1.984093857481826
1749,Culinary,Really military she.,192.0571638419642,3.923840981107558
1750,Cultural,Film before.,50.56608945530448,2.099026320172489
1751,Adventure,Possible with coach.,157.6813702961842,5.018195470948218
1752,Cultural,Organization hundred word eight.,65.57827351127595,7.161854034101951
1753,Relaxation,Center move chair.,109.44779899972,7.215939365493486
1754,Relaxation,Might imagine.,123.6472800060509,3.379675038966394
1755,Relaxation,Require administration.,126.8062559648249,7.509178967812881
1756,Culinary,Skill indicate visit.,106.6261600613015,2.07199799961399
1757,Culinary,Across never thousand.,69.32352828672678,6.885875213346019
1758,Culinary,Church risk my.,103.8487028727715,5.898610839697651
1759,Adventure,Admit court.,51.76113010802298,2.670414087495003
1760,Adventure,Just sport seek.,111.1623669918716,2.153509469981482
1761,Relaxation,Agree democratic.,157.4475765126385,6.031232627524147
1762,Cultural,Third force scientist.,143.2696603632864,6.668154974145319
1763,Adventure,Scene without.,130.2491381763424,2.327800718138341
1764,Adventure,Surface nice.,55.10325590572695,7.428179483769132
1765,Adventure,Yourself.,103.725747703936,1.013358475759376
1766,Adventure,Size top visit expert.,78.33173393243136,2.253316665472177
1767,Cultural,After.,57.1417454457105,6.45600422385643
1768,Culinary,Anyone air economy.,139.8998318774009,5.645513986688753
1769,Culinary,He former.,67.3299843059745,2.445056440731929
1770,Adventure,Easy simply.,103.8316547215436,4.277335724447703
1771,Culinary,Capital type.,62.64582714302926,2.979710900566762
1772,Relaxation,Citizen box away.,184.4119883419836,7.40462655190515
1773,Culinary,Chance level music.,147.0713153483063,7.198480224163558
1774,Cultural,Window they.,90.55684392639519,3.693603809812177
1775,Cultural,Choose sign.,129.9645668618103,3.166649971659662
1776,Culinary,Go forget send.,70.19062649102668,7.758653603939344
1777,Relaxation,Choice dinner energy.,181.6436084598421,2.232722707899236
1778,Relaxation,Music but visit.,98.80123660467717,1.272846284658011
1779,Cultural,Black agree similar weight.,150.6971563456311,1.781558487754175
1780,Culinary,Today why interview.,120.4543426625707,3.217696347705126
1781,Adventure,Sign statement.,105.2739835194013,2.24185114817056
1782,Relaxation,Today increase really.,160.5361985244958,7.178293731845844
1783,Culinary,Red policy fund.,141.9612308367683,1.018357005032372
1784,Culinary,Black hundred participant.,57.12417489496738,6.323472316509347
1785,Culinary,Rule wear message.,192.9910138803293,2.35057593231296
1786,Adventure,Have father.,172.741312420475,7.412388869379646
1787,Cultural,Blue final measure.,67.95980280648361,4.203353506207929
1788,Culinary,Ability need near.,107.2356053705085,3.813076318637169
1789,Adventure,Feel vote store music.,144.3239730770183,5.170041689480519
1790,Culinary,Others lead.,74.96377223161437,5.016276731782094
1791,Cultural,Phone scene.,144.6269865165545,7.004491925968971
1792,Cultural,Half.,171.3142966846637,6.555744818542701
1793,Relaxation,Paper second none check.,168.2030660957088,2.875525962810594
1794,Cultural,Light in.,172.5568900052912,4.614553875734289
1795,Cultural,Use.,82.74326806588863,3.931677058824561
1796,Culinary,For him dream.,148.7720032165565,4.446528196697923
1797,Adventure,Perhaps police.,160.8832629566112,5.649784119829834
1798,Adventure,Research dinner.,62.85484184574286,6.690936490484702
1799,Relaxation,Business serious.,59.02194664215606,3.796052764517724
1800,Culinary,Goal treat.,139.3088045779607,6.018336399623806
1801,Culinary,Memory word.,79.75079666379332,5.645804892693625
1802,Cultural,Take act listen.,104.1336865332926,1.64108147318562
1803,Relaxation,Or kid.,97.34145550443556,3.627357874261978
1804,Cultural,Which part sister speech.,93.0107836151596,6.336850113026662
1805,Culinary,Sport.,52.75807933842784,7.050069180622346
1806,Relaxation,Whose across fear unit.,72.00468564918404,5.015749112374665
1807,Adventure,Oil and use.,56.1303792526411,5.313997383020221
1808,Relaxation,Prepare perform social.,55.39409045578657,6.215093304583646
1809,Cultural,Collection strategy.,186.2001621286039,7.539954634463469
1810,Cultural,Federal shake environment budget.,56.28604327074377,3.719221328839488
1811,Culinary,Radio nice.,110.6669990785958,1.058858047689613
1812,Cultural,His pick opportunity.,150.5941397692807,5.598469870295016
1813,Adventure,Cause paper majority.,156.0837055715797,1.937182682177863
1814,Culinary,Get happen growth.,143.1518330627428,3.332044439510459
1815,Culinary,Debate third.,72.38731760001345,6.737843462147055
1816,Relaxation,Interview memory whose.,174.327084711153,6.983890373853646
1817,Relaxation,Only positive conference.,157.0421778199027,4.205716231949496
1818,Relaxation,Memory authority positive.,175.8456150202184,5.70709564055072
1819,Culinary,Yourself establish feel.,195.2454146669383,5.429411665646876
1820,Adventure,Old structure.,52.43957090022531,2.295388449157482
1821,Cultural,Charge.,79.38824495875755,5.388071414559215
1822,Cultural,Reason according book.,55.05838674644808,2.920109004656122
1823,Culinary,Become there.,53.1953267606364,3.840559005781128
1824,Adventure,People plan.,181.4212107847231,5.30822295021623
1825,Cultural,Radio friend.,181.3488978547535,7.764507753416518
1826,Culinary,Against technology.,161.7556155824061,2.444919689769882
1827,Cultural,Very for.,136.9079801611397,4.136507353258978
1828,Relaxation,Water ability.,79.91654605448765,1.638294128056007
1829,Adventure,Sure believe.,164.6465158602729,2.405460146888556
1830,Cultural,Name data.,134.3820866968885,7.470616283942638
1831,Cultural,Blue hot.,167.3804137881428,1.940226893053626
1832,Relaxation,With maintain.,101.7914498927265,2.832429123768263
1833,Culinary,Bring act.,148.0459623448159,5.161446156835832
1834,Cultural,Now.,75.30881723422655,3.013568351500151
1835,Cultural,Look card miss.,65.82352835394987,4.059852718015547
1836,Culinary,Standard especially.,117.9796291868787,2.604902270204037
1837,Culinary,Whole case thought.,136.49808386314,4.536090375826562
1838,Culinary,Social eight.,92.66873664440752,1.971093839557774
1839,Culinary,Talk write relationship.,153.3774218266066,7.11283218721258
1840,Adventure,Religious money hand.,153.0692779588967,1.293049182978117
1841,Adventure,Foreign wish site.,123.9755082467396,4.604978979135732
1842,Relaxation,Mother son.,166.5287105300704,1.529749474808377
1843,Relaxation,Shoulder.,113.5276708021406,7.274020814371538
1844,Adventure,Institution rock.,196.0836529422766,7.076379214751807
1845,Relaxation,Memory fact wonder.,191.5611967846536,3.149160963667699
1846,Adventure,Either order animal.,154.5482589807812,2.578395899051985
1847,Cultural,Cup meet how.,100.356815493333,1.309192294914636
1848,Adventure,Help safe bill.,109.6767402514233,3.435041276290779
1849,Relaxation,Rather.,174.8687528140967,1.897976501927766
1850,Cultural,Film family push another.,113.1460947254185,5.228538731610765
1851,Relaxation,Heart suddenly.,89.63853508936293,3.278698880692517
1852,Relaxation,Help executive agent happy.,112.6785767686158,5.089283626748768
1853,Culinary,Memory majority.,79.81970581001102,7.10520465049369
1854,Culinary,Method make.,182.4433196125944,6.37416279112391
1855,Relaxation,Us society quality.,59.3131978456384,5.311701937213137
1856,Cultural,Party same task.,127.7736652691271,4.723351571287955
1857,Adventure,Next recently whether.,196.6735879701302,6.402449382787521
1858,Culinary,Then top itself.,54.56668454667935,1.636902896364001
1859,Culinary,Total scientist chance.,62.408377442528,7.936083533558483
1860,Adventure,Nearly subject.,71.98085942506188,1.491763809352172
1861,Adventure,Our provide executive.,77.88137058647763,7.835474156676995
1862,Cultural,Number Republican.,60.57349748078257,1.48709665534447
1863,Culinary,Key.,164.5382077864876,2.092669588990245
1864,Culinary,Month lot.,124.796184331911,4.809188388229011
1865,Relaxation,No along operation.,95.94930877463304,6.384172680413424
1866,Culinary,Several share.,72.34660681445939,4.445186554142127
1867,Adventure,Have space position.,120.5848427116683,6.42455480234708
1868,Culinary,Bring high.,109.8269325336315,3.982717567031123
1869,Adventure,Something pull almost.,134.4603387036754,1.302672706006681
1870,Relaxation,Organization source four.,74.15856232865214,5.264936776681396
1871,Cultural,National outside.,124.9591841853949,3.685098520624073
1872,Cultural,Audience by better.,80.27184453301203,6.401855823934384
1873,Culinary,Why under.,189.8735416158748,5.578897429357227
1874,Cultural,Raise itself teacher include.,87.5136640522079,4.748810494218063
1875,Adventure,Fall than.,104.5681129320095,6.522259258399521
1876,Cultural,Operation arrive part.,159.8775686253775,4.690976365932528
1877,Culinary,We message.,181.2844455973661,3.068318115133149
1878,Culinary,Represent of.,197.8166414022879,6.825232750837849
1879,Cultural,Along forget control.,61.53077551127707,3.086129896360823
1880,Culinary,Talk perhaps occur news.,162.4272541646808,6.33130151414472
1881,Relaxation,Try clear.,162.8382919550166,1.808799710209227
1882,Adventure,Strong ready community.,55.0448937431564,5.047770250107773
1883,Relaxation,Partner only past.,65.19910744278559,7.355732757912281
1884,Culinary,Mr attack.,75.02042656792773,5.885409980162825
1885,Cultural,Second five.,108.4078566706347,3.713400178415869
1886,Culinary,Traditional include.,84.06300238821687,4.548640861222663
1887,Culinary,Movie save year.,152.485368696968,7.382924233058485
1888,Relaxation,Her keep soon.,163.3904046862474,4.600152405823012
1889,Adventure,Particularly hour.,134.3975718220091,4.769686969530174
1890,Adventure,Low environment indicate.,114.8206501079048,2.770273347603466
1891,Adventure,Today woman wear.,130.8339845572741,3.639517028898354
1892,Culinary,May final claim.,173.6636745660352,5.956115964178315
1893,Adventure,Deal break case.,196.9121553759238,6.505441423967673
1894,Relaxation,Might change writer.,172.1318294432939,4.521069129807223
1895,Culinary,Truth north.,142.4649442879024,5.994078130040791
1896,Culinary,Central collection.,168.7168080813416,7.896677111779785
1897,Cultural,Wrong range necessary.,100.434544600564,4.516346011140939
1898,Relaxation,President hour ball turn.,136.4169966221647,6.906381299581859
1899,Culinary,Cultural huge stock.,78.73812659710585,4.680957605135315
1900,Culinary,House big relationship.,138.4258268808444,6.953226817937222
1901,Adventure,Bill close.,75.76625364395034,7.5600233412216
1902,Adventure,Who.,117.4531715911785,5.123416021884143
1903,Cultural,Fine.,177.4177130113538,7.618940113905616
1904,Culinary,East property early.,177.847513883958,2.575596243537859
1905,Culinary,Service street necessary buy.,83.85760378473202,6.294175526150805
1906,Cultural,Nearly activity.,89.79031842342988,2.099724544313961
1907,Culinary,Go election hair choose.,88.77398340554234,7.899757261342886
1908,Cultural,Side language increase.,54.52361152353325,1.564206920081139
1909,Culinary,Thing.,117.3323933020277,5.090236165646375
1910,Culinary,Nature he.,82.37450966857048,5.244221004913145
1911,Culinary,Tree dream.,153.9503347666619,7.322007473117552
1912,Culinary,Her similar ever.,110.1640789922173,6.492998040648368
1913,Culinary,Vote arrive.,171.978186447115,6.797247792632992
1914,Adventure,Executive leave camera.,141.2974909125868,7.419640780401497
1915,Relaxation,Evening rate there grow.,86.37403596741335,1.7003802731511
1916,Adventure,Maybe discuss.,144.0377441745197,4.209016885638171
1917,Relaxation,Others direction daughter.,106.5954121090917,4.684581262297483
1918,Relaxation,Development.,124.3031197783822,4.980166089458972
1919,Culinary,Music end value.,72.28752777457433,3.955511617110313
1920,Adventure,Whatever.,74.62246732161114,5.066798964190961
1921,Adventure,Drug sell.,133.1813830483452,1.829887020288917
1922,Adventure,Structure dog with.,141.7209959752882,2.384375252533266
1923,Relaxation,Article fear partner.,160.398310425403,4.778886201753313
1924,Adventure,Both show.,157.3916107760037,3.051138263439921
1925,Cultural,Red daughter.,190.6607544983415,7.892712430282772
1926,Adventure,Finish second.,92.67365017279016,3.382512868890689
1927,Culinary,Return majority tough appear.,196.5431471278906,1.615702484723755
1928,Relaxation,Free seek rest.,113.3149185737143,5.268202525062042
1929,Cultural,Argue.,163.0281454266711,3.762917953205632
1930,Cultural,Financial fish.,53.53182210917259,2.838875406657636
1931,Cultural,Affect.,179.5782178631547,7.274675201919905
1932,Culinary,Property answer.,95.27172337704971,2.531656156207717
1933,Culinary,Each various.,135.7764390798831,3.920523907702266
1934,Culinary,Discover company might.,134.6162712300638,6.546345098210487
1935,Relaxation,Social soldier Congress.,119.9467093951587,6.246521327702715
1936,Cultural,Bad see human building.,195.7333827941751,2.734896789668655
1937,Cultural,Wall through.,118.6914372709836,6.056231348748671
1938,Culinary,Catch theory someone.,93.16922205320974,5.795936612816915
1939,Cultural,Trade will.,110.4449544409016,7.488449288030885
1940,Culinary,Several father Mrs issue.,70.48017747456886,6.084118555467929
1941,Relaxation,Its else must.,157.3257356600949,7.607592066715981
1942,Culinary,Should hear.,146.5717821311562,2.050692638967325
1943,Cultural,Describe without around.,74.36621799114432,1.178519603346451
1944,Relaxation,Option.,198.7589279639275,7.685068173751587
1945,Cultural,In east.,69.8453376007754,6.102812647721953
1946,Adventure,Team they everything.,113.8951693509441,7.773846332432565
1947,Adventure,Bed responsibility level.,103.6158419729484,4.078526170333618
1948,Adventure,Together investment office risk.,142.1729412962046,3.186969239491861
1949,Adventure,Human today listen.,186.0691645636426,5.910490318541309
1950,Relaxation,Prevent author rock.,126.1220291891788,6.102394531516921
1951,Adventure,Particularly crime perform.,101.4057641731071,2.116224956466941
1952,Culinary,Every write morning.,178.0195329245753,1.268924598934554
1953,Cultural,Kitchen development.,160.8192210622879,6.182308750478214
1954,Cultural,Republican affect.,107.0008835948981,2.605372155883723
1955,Culinary,Wait consider.,183.0745707948826,2.60410700684038
1956,Culinary,Fear reduce summer child.,103.918355812449,1.354138676671932
1957,Cultural,But store suffer.,70.40490282075889,6.014781220008324
1958,Relaxation,Perform week turn.,161.3755569448434,5.72754592802426
1959,Adventure,Sing detail.,56.18807848722388,1.685916666880645
1960,Adventure,Financial mother recognize.,113.3289327614225,1.460656404539979
1961,Adventure,Wall show maybe.,106.2711715992262,6.694196003192431
1962,Adventure,Buy maybe.,56.8070182417362,5.288237809176604
1963,Cultural,Kind wide focus.,148.6609622536874,2.736980495771003
1964,Adventure,Form amount.,64.2211571002779,5.828727642256736
1965,Relaxation,Truth recently.,188.3083118200072,3.967999060493241
1966,Adventure,Issue until.,96.69447399301562,3.654814672384358
1967,Relaxation,Issue tend.,100.8067912439651,7.209062789208362
1968,Relaxation,Officer black near.,108.6974343991963,3.767267270646105
1969,Culinary,Onto financial under.,186.4285476106057,1.991491366147802
1970,Adventure,Life check.,190.3794606606218,5.178853585596276
1971,Cultural,Behind suffer.,79.62520046344336,5.396600344802874
1972,Culinary,Cultural early.,99.24954799410966,6.142961270899816
1973,Relaxation,Without nor.,184.6948195917832,3.23866857667559
1974,Cultural,Generation much follow.,162.5803874702082,2.747959607199023
1975,Relaxation,Increase girl whose.,72.8997009171838,6.512802719359533
1976,Cultural,Fast.,85.59683450338868,3.216881507700608
1977,Cultural,Organization him paper.,180.3729749604759,7.915201109404687
1978,Cultural,Campaign character may.,87.5196860902406,3.116937571105604
1979,Cultural,May oil law.,72.86600696994486,3.919567274195303
1980,Cultural,Think street throw.,71.89375547503174,5.045395740211558
1981,Relaxation,Gas value family.,148.1264548714607,5.635787135296969
1982,Adventure,Long security enough against.,104.3585725605886,3.188833191724873
1983,Cultural,Safe local.,68.24778531203317,7.216135916052973
1984,Relaxation,Number know.,81.47008070601916,3.045703095314387
1985,Culinary,Create cup the property.,186.3924479616628,7.385498771985382
1986,Culinary,Mr nice.,96.21267417037242,5.88150160739405
1987,Culinary,Woman many bill eat.,74.98150765233156,5.083161597228885
1988,Cultural,As international.,124.9710736765747,3.03663853232231
1989,Culinary,Nation.,181.1125026039333,7.799033395668363
1990,Relaxation,Worker too.,182.6739018605033,5.024381148137556
1991,Cultural,Foot morning safe.,189.5426251928889,3.29213167162652
1992,Relaxation,Strong sit seek.,89.05969055044062,1.428173378982224
1993,Cultural,Growth place major.,116.8715347327469,1.700455880738942
1994,Culinary,No black continue.,53.08197892142026,6.775250018389563
1995,Adventure,Tough bill administration.,173.4812317706723,4.789659152509036
1996,Cultural,Month get.,174.8360201024763,6.165461585807591
1997,Relaxation,Individual.,83.90958684090845,2.221603952953167
1998,Cultural,Body man.,152.0151221448986,4.454383668466368
1999,Relaxation,Now join.,123.3040002115093,2.350382406164583
2000,Culinary,Bad rich.,125.4411196789432,3.576966030353744
