vehicle_id,dealer_id,plate,year,month,max_date,monthly_score,total_penalties,total_km
21,VWDCM1,AA 7012 OD,2022,4,33:19.0,0,112.05,6438.6
107,VWCMC1,MJEC1JG43L5187997,2022,4,27:09.0,70,29.52,475
132,VLNPN1,DM 8637 EA,2022,4,29:15.0,83,16.89,2849.8
98,VWDCM1,H8042AE,2022,4,04:52.0,92,7.87,419.3
103,VKABP1,KB 676 XX,2022,4,21:51.0,0,100.91,61.2
22,VWDCM1,AA 7029 OD,2022,4,24:10.0,87,12.87,7332
153,VKAMP1,KB 8339 ME,2022,4,50:32.0,96,4.29,530
164,VGIPS1,W 8751 NX,2022,4,34:14.0,90,9.61,601.2
206,VKMPM1,DA 8077 HI,2022,4,36:59.0,95,5.4,6392.3
181,VWMPS1,MJEC1JG43L5187983,2022,4,45:01.0,100,0,0
203,VWCKM1,MJEC1JG43L5188067,2022,4,32:34.0,0,115.25,600.7
258,VLNPN1,DM 8849 AD,2022,4,21:59.0,86,13.65,2040.3
294,VWCKM1,L 8817 AG,2022,4,01:33.0,67,32.34,808
458,VLNPN1,DM 8790 AD,2022,4,40:19.0,0,112.88,498.8
630,VLPMA1,DN9976DU,2022,4,50:09.0,0,283.72,1186.9
637,VLPMA1,DN9983DU,2022,4,30:12.0,0,283.91,1106.2
661,VWMPS1,AD 8235 A,2022,4,59:14.0,0,101.1,1891.2
281,VSTIU1,BK 8642 EQ,2022,4,14:31.0,92,7.77,2158.6
356,VJBJI1,B 9099 SCI,2022,4,52:39.0,87,12.51,1162.7
331,VWCMC1,MJEC1JG43L5188061,2022,4,23:00.0,34,66.46,468.7
335,VGIPS1,AE 8947 BE,2022,4,06:35.0,92,7.67,316.5
797,VGIPS1,MJEFM8JN1LJE32995,2022,4,42:44.0,16,84,1618.4
511,VWCMC1,G-8827-VM,2022,4,41:14.0,80,20.04,2085.3
489,VWCKM1,L 9597 AK,2022,4,23:35.0,0,114.75,1393.4
124,VWMPS1,MJEC1JG43L5188002,2022,4,52:46.0,88,11.66,480.3
97,VGIPS1,MJEC1JG43L5187922,2022,4,01:49.0,0,117.2,1372.1
60,VWDCM1,MJERK8JSKLJN23016,2022,4,49:06.0,84,13.77,3245.9
81,VWDCM1,G 7023 OF,2022,4,27:42.0,93,2.64,3803.6
26,VWDCM1,AA 7032 OD,2022,4,07:01.0,91,9.13,6807.5
163,VGIPM1,MJEC1JG41L5187956,2022,4,12:30.0,83,17.2,566.8
115,VWDCM1,AD 7003 OY,2022,4,46:56.0,73,26.6,3880.1
204,VSPLR1,BE 8612 YX,2022,4,00:21.0,0,455.7,1623.4
234,VGIPS1,P 8619 EP,2022,4,40:56.0,79,21.07,777.4
267,VGIPJ1,MJEC1JGX1L5037242,2022,4,14:17.0,60,39.61,135.1
246,VKAAJ1,KT 8317 AE,2022,4,05:58.0,8,92.44,236.9
279,VSTIU1,BK 8645 EQ,2022,4,47:28.0,88,12.26,2535.8
292,VJDMI1,F 8680 VF,2022,4,13:12.0,63,36.51,1945
348,VKPPK1,KT 8187 OU,2022,4,07:29.0,81,19.47,1520.9
368,VKAMP1,KH 8013 TN,2022,4,57:29.0,52,47.78,2150.7
373,VLPMA1,MJEC1JG43L5188160,2022,4,57:14.0,0,126.62,870.1
428,VGIPA1,MJEFM8JK1LJE13459,2022,4,25:20.0,100,0,0
448,VGIPM1,BB 9901 FP,2022,4,25:46.0,78,21.56,140.3
439,VKAAJ1,MJEC1JG43L5188074,2022,4,22:33.0,88,11.89,769.7
460,VLPMA1,MJEC1JG43L5188209,2022,4,54:22.0,47,53.46,977.8
494,VJDMI1,E 8305 KV,2022,4,23:12.0,32,67.64,2471.4
497,VLNPN1,DM 8649 EA,2022,4,17:47.0,99,0.74,370.4
510,VKAMP1,KH 8455 LP,2022,4,40:01.0,0,159.68,596.5
549,VJHMM1,MJEC1JG43L5188248,2022,4,24:19.0,34,65.82,902.8
2,VWDCM1,AA 7024 OD,2022,4,42:12.0,89,10.8,6718
33,VWDCM1,AA7526OK,2022,4,34:14.0,97,0.92,3561.2
85,VWDCM1,AD 7002 OY,2022,4,31:33.0,97,2.5,3645.5
91,VSTIU1,B 9939 UCV,2022,4,48:25.0,94,5.84,1101.3
45,VWDCM1,AA 7020 OD,2022,4,26:55.0,72,26.98,7780.1
109,VGIPS1,N 9847 ED,2022,4,13:23.0,45,54.08,378.1
143,VWCSB1,MJEC1JG43L5188011,2022,4,18:05.0,42,57.2,2872.9
179,VGIPA1,MJEFM8JK1LJE13455,2022,4,52:54.0,100,0,0
136,VWCSB1,DK 8248 WF,2022,4,43:45.0,84,16.29,1375.8
175,VWCSB1,DK 8692 GZ,2022,4,18:04.0,65,34.78,1007
226,VWCMC1,MJEFM8JN1LJE32931,2022,4,52:21.0,98,1.91,1621.2
244,VGIPJ1,B 9764 PYX,2022,4,21:51.0,45,54.67,643.5
248,VWMPS1,MJEC1JG43L5188052,2022,4,30:47.0,58,42.05,142.1
251,VWCKO1,L 8263 UY,2022,4,04:32.0,71,29.18,1092.4
395,VSVBM1,BA 8107 MU,2022,4,38:35.0,83,16.91,1677.7
454,VGIPS1,L 9421 UT,2022,4,48:33.0,88,12.09,1984.8
465,VSVBM1,BA 8029 FU,2022,4,25:42.0,91,9.02,1768.5
607,VLPMA1,DN9981DU,2022,4,28:41.0,0,178.92,1096.6
694,VSPLR1,BE 9404 YV,2022,4,40:31.0,98,1.76,822.7
756,VKAAJ1,MJEFM8JN1LJE32990,2022,4,53:59.0,43,57.08,708.7
757,VJDMI1,B 9674 TIS,2022,4,13:04.0,64,35.8,1973.1
377,VSTIU1,MJEFM8JW1LJE13670,2022,4,52:09.0,88,11.55,1808.5
383,VLPMA1,MJEC1JG43L5188168,2022,4,09:30.0,46,54.17,344.8
506,VKAMP1,KH 8065 GP,2022,4,25:58.0,0,101.85,834.1
516,VGIPM1,BK 8429 EQ,2022,4,49:02.0,90,10.26,2478.2
548,VWCKB1,MJEC1JG43L5188245,2022,4,09:45.0,0,130.94,2.1
583,VGIPM1,BK 8427 EQ,2022,4,21:14.0,91,8.95,2062.9
974,VSGRM1,BM 8402 EO,2022,4,44:58.0,78,22.25,2775.4
987,VJDMI1,MJEFM8JW1LJE13689,2022,4,09:52.0,100,0,0
1004,VSPLR1,BE 8628 YX,2022,4,58:50.0,0,272.37,1468.1
1090,VJDMI1,BG 8734 AH,2022,4,18:40.0,45,55.04,681
1256,VKMPM1,KH 8273 TA,2022,4,32:16.0,85,14.56,3603.5
1259,VKPPK1,KT 8943 RP,2022,4,20:13.0,0,231.2,3531.5
1339,VGIPM1,BK 9314 EQ,2022,4,15:47.0,48,51.58,1984.1
1358,VJARM1,B 9205 KFU,2022,4,04:29.0,99,0.79,1442.5
1359,VJMGI1,Z 9666 YD,2022,4,33:34.0,82,17.94,2927.5
1420,VLNPN1,DM 8028 DD,2022,4,26:06.0,91,9.26,710.8
1474,VJDMI1,D 9310 VE (ST 01),2022,4,26:07.0,60,40.26,1436.3
1528,VWCKM1,MJERK8JSKLJN23105,2022,4,35:58.0,90,6.83,3267.1
1607,VLNMM1,DE 8632 MU,2022,4,11:30.0,23,76.71,465.1
579,VWCKB1,MJEC1JG43L5188240,2022,4,59:08.0,59,41.15,380.9
689,VWMPS1,AB 8133 AE,2022,4,53:50.0,82,17.84,5743.1
693,VSPLR1,BE 9401 YV,2022,4,22:40.0,98,1.86,1546.4
565,VGRMM1,MJEC1JG43L5188250,2022,4,20:49.0,87,13,192.3
755,VGIPS1,AG 9806 UW,2022,4,30:20.0,0,204.58,2437.9
780,VGIPS1,MJEFM8JN1LJE33012,2022,4,19:04.0,53,46.92,526.5
623,VJDMI1,MJEFM8JN1LJE33016,2022,4,28:52.0,0,167.2,3772.4
652,VJDMI1,B 9659 TIS,2022,4,25:26.0,0,115.08,3954.9
800,VSGLM1,BD 8845 IU,2022,4,36:33.0,91,8.96,8301
834,VJDMI1,B 9672 UWV,2022,4,27:03.0,14,86.44,865.3
839,VWMPS1,AD 8214 F,2022,4,13:33.0,87,10.79,2053.4
938,VSGLM1,133 BD 8847 IU,2022,4,08:11.0,47,53.37,2033.6
1021,VSCLM1,MJEFL8JW1LJE24368,2022,4,29:20.0,62,38.13,2626.4
1022,VJAJN1,MJEC1JG53L5005062,2022,4,25:19.0,86,13.67,223
1055,VKMPM1,MJEFM8JN1LJE33136,2022,4,51:33.0,14,86.21,3859.4
1069,VJDMI1,MJEFM8JN1LJE33129,2022,4,50:55.0,0,145.98,2237.7
1073,VKAMP1,KH 8190 GP,2022,4,50:21.0,13,87.3,3171.6
794,VGIPS1,MJEFM8JN1LJE33071,2022,4,19:21.0,0,150.08,2501.7
868,VSPLR1,BE 9397 YV,2022,4,48:24.0,98,1.91,1347.1
1062,VJDMI1,MJEFG8JE1LJB13790,2022,4,03:01.0,38,61.79,324.9
1099,VJARM1,B 9166 NIB,2022,4,12:02.0,100,0,0
1123,VJMGI1,MJEFG8JL1LJB11568,2022,4,24:10.0,84,16.39,386
1144,VWCKM1,MJEC1JG43L5188422,2022,4,30:07.0,0,180.31,560
1194,VKPPK1,NBI 026 - MJEFM8JN1LJE331,2022,4,47:52.0,0,120.43,3827.6
1147,VJDMI1,B 9030 BIS,2022,4,46:49.0,32,67.85,2532.1
1180,VJHMM1,B 9596 NYV,2022,4,43:28.0,84,16.33,1165.5
1214,VKPPK1,NBI 029 - MJEFM8JN1LJE331,2022,4,51:38.0,0,131.1,3139
1218,VJHMM1,B 9592 NYV,2022,4,19:25.0,86,14.01,1799
1342,VLKMA2,MJEFM8JN1LJE33188,2022,4,33:02.0,100,0,0
1378,VWMPS1,AD8106AV,2022,4,43:29.0,56,43.73,4544.2
1442,VJDMI1,MJEC1JG51L5005106,2022,4,49:54.0,30,69.74,286.4
1502,VJBJI1,F 8166 HM,2022,4,57:31.0,94,6.46,96.8
574,VGIPJ1,B 9799 UCV,2022,4,10:07.0,78,21.65,316.4
307,VGICP2,DR 8448 KS,2022,4,18:30.0,3,97.04,47.4
360,VGIPS1,AG 9366 UB,2022,4,28:45.0,100,0,0
366,VSPPR1,BG8680AH,2022,4,28:28.0,87,12.75,972.1
393,VLPMA1,MJEC1JG43L5188159,2022,4,32:21.0,65,34.62,811.7
519,VJDMI1,B 9199 KFU,2022,4,35:19.0,29,70.82,605.8
1077,VKMPM1,DA 8578 ZL,2022,4,14:44.0,72,27.81,1370.9
372,VSTIU1,MJEFM8JN1LJE32975,2022,4,28:38.0,72,28.27,3348.7
391,VKABP1,KB 8233 FB,2022,4,14:49.0,100,0,0
1362,VWCKM1,S 9139 UO,2022,4,34:11.0,87,13.4,2320.3
597,VGICP2,DR 8472 KT,2022,4,05:33.0,0,102.6,529.7
619,VJDMI1,MJEFM8JN1LJE33015,2022,4,16:33.0,0,151.08,4791.5
796,VGIPS1,AG 9805 UW,2022,4,59:38.0,0,216.13,1272
1721,VSGRM1,ATN 84,2022,4,09:13.0,92,8.32,2645.8
1742,VWCKM1,MJEFL8JW1LJE24294,2022,4,44:12.0,99,1.45,967.6
531,VJARM1,B 9464 BIS,2022,4,24:37.0,100,0,1582.9
552,VKPPK1,KT 8143 NU,2022,4,37:16.0,25,75.14,1886
843,VJDMI1,T 9705 AB,2022,4,26:07.0,48,51.76,2919.1
882,VJMGI1,Z 9701 MN,2022,4,36:10.0,76,24.15,521.8
948,VGIPS1,S 8872 UZ,2022,4,28:13.0,92,7.86,538.1
982,VJDMI1,MJEFM8JW1LJE13688,2022,4,39:04.0,89,10.75,1782.7
1048,VSPLR1,BE 9964 NN,2022,4,33:26.0,84,16.34,6273.9
1067,VKPPK1,MJEFM8JN1LJE32943,2022,4,12:29.0,31,68.69,1938.6
19,VWDCM1,AA 7026 OD,2022,4,06:53.0,96,3.65,7031.6
25,VWDCM1,AA 7015 OD,2022,4,36:42.0,94,6.12,5303
30,VWDCM1,AA 7014 OD,2022,4,43:26.0,96,3.88,6524
31,VWDCM1,AA 7034 OD,2022,4,39:03.0,94,5.74,6276.1
205,VJHAM1,B 9984 BYZ,2022,4,59:35.0,86,13.72,142.1
24,VWDCM1,AA 7017 OD,2022,4,57:16.0,60,40.07,7378.4
134,VJARM1,A 9351 ZB,2022,4,47:00.0,27,72.6,1054.8
173,VJHMM1,B9354KCG,2022,4,19:53.0,66,33.37,707.1
140,VKAMP1,KB 8340 ME,2022,4,51:15.0,67,33.42,802.7
199,VPKAK1,PB 9726 MD,2022,4,22:34.0,46,53.93,700.5
236,VWMPS1,AD 8620 A,2022,4,51:22.0,42,58.28,2156.5
235,VLNPN1,DM 8807 BA,2022,4,10:59.0,94,6.46,2235.7
357,VWDCM1,G7016OB,2022,4,52:28.0,93,3.59,7326.3
507,VSTIU1,MJEFM8JW1LJE13674,2022,4,57:25.0,95,5.13,1362.2
573,VWCKB1,MJEC1JG43L5188242,2022,4,33:56.0,87,12.84,463.5
263,VGIPS1,S 8050 NG,2022,4,41:04.0,57,43.46,2008.2
337,VWMPS1,AD 8230 A,2022,4,55:53.0,77,22.85,1631
362,VJHMM1,B9603TIS,2022,4,29:48.0,0,371.31,1326.8
446,VSPLR1,BE 9407 YV,2022,4,08:25.0,97,3.19,1964.3
492,VLNPI1,DB 8390 LI,2022,4,03:55.0,100,0,715.1
301,VGIPS1,L8651AC,2022,4,49:42.0,46,54.29,319.6
612,VLPMA1,DN9978DU,2022,4,42:28.0,0,253.42,788.6
389,VGIPM1,BK 9833 VW,2022,4,35:45.0,75,24.6,1629.4
444,VGIPA1,MJEFM8JK1LJE13456,2022,4,16:55.0,100,0,0
861,VGIPJ1,B 9062 JEH,2022,4,04:21.0,91,9.27,1947.9
986,VGIPS1,MJEFM8JK1LJE13475,2022,4,33:13.0,67,33.27,700.4
1245,VJBJI1,MJEC1JG41L5188475,2022,4,27:38.0,85,14.51,818.3
1299,VSPLR1,BE 9489 YV,2022,4,02:30.0,0,326.73,2907
1332,VSGRM1,BM 8609 AU,2022,4,52:59.0,100,0,0
1146,VKAAJ1,MJEFM8JN1LJE33144,2022,4,22:10.0,0,187.23,6308.6
1222,VSPLR1,BE 9483 YV,2022,4,33:18.0,100,0,55.1
1289,VJDMI1,B 9036 KXU,2022,4,09:47.0,94,5.82,485.7
1334,VJDMI1,B 9290 TIP,2022,4,30:00.0,100,0,700.8
1467,VSVBM1,BA 9453 QO,2022,4,46:25.0,99,1.21,1774.3
1482,VKKMB2,MJEC1JG43L5188528,2022,4,55:43.0,0,114.55,300.3
1490,VSGLM1,BD 8325 AW,2022,4,11:16.0,73,27.38,1519.5
1548,VWCKM1,MJEFM8JN1LJE33044,2022,4,15:59.0,3,97.14,2514.7
1556,VKABP1,D50 - KB 683 XX,2022,4,19:32.0,42,57.77,713.2
1707,VJARM1,B9968TXY,2022,4,18:28.0,84,15.73,742.3
1541,VGIPM1,BK 9316 EQ,2022,4,36:38.0,24,76.36,2066.7
1630,VJARM1,F 8860 SW,2022,4,13:16.0,36,64.12,2612.8
1666,VGIPS1,N 8422 AB,2022,4,28:38.0,46,53.3,1112.3
781,VKAMP1,KH 8528 DM,2022,4,42:16.0,0,168.49,5179.6
832,VJMGI1,D 9073 UC,2022,4,04:07.0,41,58.95,2021.6
860,VGIPS1,AG 8534 US,2022,4,33:17.0,100,0,0
885,VKABP1,D39 - KB 652 XX,2022,4,30:59.0,61,39.2,5060.4
928,VLKMS1,MJEFL8JT1LJE13821,2022,4,22:40.0,100,0,0
954,VLKMS1,MJEC1JG43L5188392,2022,4,59:05.0,85,14.65,4715.5
291,VSTIU1,MJEFM8JW1LJE13669,2022,4,53:22.0,100,0,2183
326,VGIPM1,BK 8895 EQ,2022,4,55:05.0,53,47.3,1264.5
427,VGIPA1,MJEFM8JK1LJE13460,2022,4,54:45.0,90,9.7,90.2
429,VGIPJ1,B 9316 UEA,2022,4,34:50.0,65,35.47,1354.3
496,VWCMC1,MJEC1JG43L5188226,2022,4,54:29.0,83,17.26,126
955,VJHMM1,B 9014 KHA,2022,4,16:03.0,0,208.03,13.7
995,VSPLR1,BE 8623 YX,2022,4,20:37.0,0,346.75,2483.4
1053,VGIPS1,MJEFG8JE1LJB13796,2022,4,03:36.0,0,166.66,0.3
1156,VGIPS1,L 9183 AF,2022,4,34:33.0,98,2.23,145.3
1216,VKPPK1,NBI 027 - MJEFM8JN1LJE331,2022,4,44:29.0,13,86.76,3922
542,VGIPS1,S8475JP,2022,4,29:03.0,76,24.12,506.9
671,VGIPS1,L 8628 AF,2022,4,13:55.0,48,51.97,93.8
1286,VSPLR1,BE 9486 YV,2022,4,06:13.0,100,0,0
1499,VGIPM1,BK 7533 YH,2022,4,25:44.0,0,316.52,564.5
678,VGIPS1,MJEC1JG43L5188296,2022,4,03:43.0,22,77.74,28.3
692,VJMGI1,Z 9827 TC,2022,4,45:47.0,69,31.39,2054.6
738,VGIST1,B 9023 PEJ,2022,4,35:42.0,0,146.27,410.9
833,VKABP1,D31 - KB 644 XX,2022,4,15:46.0,86,14.14,819.8
838,VPKAK1,PB9842SB,2022,4,52:57.0,37,62.67,498.7
850,VSJIM1,MJEC1JG43L5188318,2022,4,46:35.0,47,52.75,1441.9
613,VJDMI1,B 9571 SDD,2022,4,40:08.0,37,63.36,50.5
624,VJDMI1,MJEFM8JN1LJE33011,2022,4,59:47.0,0,134.77,4879.4
701,VSCLM1,BG 8579 JF,2022,4,35:18.0,90,10.31,2868.2
720,VWMPS1,AB 8013 WF,2022,4,58:06.0,67,33.16,931.9
775,VJDMI1,B 9642 TIS,2022,4,48:19.0,0,130.12,4323.4
1585,VLNPI1,DB 8221 LM,2022,4,22:19.0,84,16.09,1080
1599,VLKMS1,MJEC1JG43L5188580,2022,4,49:10.0,0,151.31,690.6
866,VJDMI1,MJEFM8JK1LJE13472,2022,4,13:31.0,86,14.1,19.5
943,VGIPS1,MJEC1JG43L5188385,2022,4,13:41.0,79,20.68,96.7
1012,VJDMI1,MJEC1JG53L5005045,2022,4,10:11.0,63,36.55,982.8
1688,VGIST1,D 9086 UC,2022,4,28:33.0,56,44.26,4858.6
924,VGIPS1,MJEFM8JN1LJE33093,2022,4,43:03.0,0,107.2,1827
953,VGICP2,EB 8599 FA,2022,4,38:29.0,4,96.18,377.4
1002,VGIPJ1,BK 9949 EQ,2022,4,47:30.0,100,0,0
792,VGIPJ1,B 9063 JEH,2022,4,44:03.0,72,28.44,2122.8
973,VJHMM1,MJEC1JG43L5188414,2022,4,52:58.0,85,14.64,360.4
1039,VKMPM1,MJEFM8JN1LJE32938,2022,4,57:35.0,3,96.7,661.4
1074,VKMPM1,DA 8386 PT,2022,4,01:02.0,0,102.3,3060.9
1142,VJDMI1,B 9330 KYY,2022,4,34:20.0,30,69.86,1213.5
1152,VSPLR1,BE 9286 FI,2022,4,44:50.0,95,4.61,2740.5
1235,VWCSB1,MJERK8JSKLJN23093,2022,4,19:17.0,69,27.36,7024.6
1242,VKAMP1,KH 8067 GP,2022,4,57:27.0,29,71.18,638.9
1282,VSPLR1,BE 9472 YV,2022,4,23:25.0,24,75.77,2650.8
1141,VJHAM1,L 8057 US,2022,4,59:16.0,63,36.9,1767.1
1283,VSPLR1,BE 9474 YV,2022,4,10:40.0,0,130.57,2267.6
1296,VSPLR1,BE 9488 YV,2022,4,52:15.0,0,218.86,898.5
1391,VSCLM1,BG 8539 OH,2022,4,12:29.0,76,23.93,1394
1113,VGIPS1,B 9374 FXV,2022,4,40:21.0,93,7.29,102.9
463,VLPMA1,MJEC1JG43L5188205,2022,4,57:28.0,100,0,0
456,VGIPS1,W 9614 UL,2022,4,11:06.0,98,2.01,4704.2
475,VGIPM1,BK 8426 EQ,2022,4,12:10.0,93,6.96,1347.4
530,VKABP1,KB 8227 FB,2022,4,41:39.0,100,0,0
509,VJDMI1,B 9434 VCD,2022,4,17:16.0,62,38.38,2139.7
786,VKPPK1,KT 8137 NP,2022,4,22:23.0,61,39.45,1918.4
824,VKABP1,D29 - KB 642 XX,2022,4,26:57.0,67,33.49,2080.5
859,VJDMI1,MJEFM8JW1LJE13685,2022,4,34:17.0,94,5.74,1206.2
899,VKAMP1,MJEC1JG43L5188356,2022,4,55:15.0,17,82.56,21.8
902,VSCLM1,MJEC1JG41L5188261,2022,4,02:04.0,90,9.83,463.2
590,VJDMI1,D 8846 FL,2022,4,30:17.0,100,0,0
602,VKAAJ1,MJEC1JG43L5188292,2022,4,30:44.0,56,43.87,1685.1
625,VJARM1,B 9052 PEJ,2022,4,11:17.0,0,103.95,627.7
639,VLPMA1,MJEFM8JN1LJE33034,2022,4,53:46.0,100,0,0
644,VGIPS1,L 9560 US,2022,4,43:27.0,70,29.51,1603.2
724,VJARM1,B 9248 FYX,2022,4,31:42.0,57,43.47,848.3
758,VJDMI1,B 9337 CYU,2022,4,31:55.0,99,1.14,2432.1
680,VJARM1,B 9442 PFA,2022,4,36:39.0,63,36.91,2730.4
727,VKMPM1,DA 7215 PM,2022,4,04:01.0,97,2.8,26.8
969,VSPLR1,BE 8622 YX,2022,4,32:08.0,0,327.39,1728.2
936,VGIPS1,MJEFM8JN1LJE33092,2022,4,43:46.0,24,76.35,1950.5
959,VSPLR1,BE 8618 YX,2022,4,59:46.0,0,226.96,2797.6
1063,VJDMI1,B 9477 TEJ,2022,4,25:14.0,8,91.75,2194.6
1091,VSPLR1,BE 8613 YX,2022,4,40:27.0,0,336.45,2154.4
1145,VWDCM1,MJERK8JSKLJN23087,2022,4,36:59.0,73,24.59,2494.6
1148,VJDMI1,B 9034 KXU,2022,4,31:11.0,87,12.83,987.5
1024,VGIPS1,AG 9767 UW,2022,4,54:25.0,0,129.18,1687
1169,VKPPK1,NBI 016 - MJEFM8JN1LJE331,2022,4,43:36.0,0,150.74,462.7
1185,VJHAM1,L 9960 UR,2022,4,12:10.0,45,55.18,1249.5
840,VSJIM1,MJEC1JG43L5188319,2022,4,03:12.0,13,87.16,1380.5
914,VLKMS1,MJEFL8JT1LJE13822,2022,4,56:39.0,98,2.04,4631.6
1031,VWCKM1,MJEC1JG43L5188394,2022,4,04:26.0,89,10.58,380.9
1049,VSCLM1,BG 8359 OH,2022,4,53:22.0,88,11.75,1571.5
1050,VKMPM1,DA 8626 ZL,2022,4,31:05.0,30,70.44,5011.4
1080,VSGRM1,MJEC1JG43L5188420,2022,4,32:42.0,28,72.11,1784.8
1082,VKPPK1,MJEC1JG43L5188438,2022,4,25:34.0,100,0,0.3
1301,VSPLR1,BE 9490 YV,2022,4,57:46.0,0,164.53,1223
1352,VKMPM1,E33205 - BG 817,2022,4,54:44.0,0,251.37,4073.4
1354,VKMPM1,E33208 - BG 819,2022,4,30:34.0,0,206.17,3014.3
1219,VJHMM1,B 9589 NYV,2022,4,38:40.0,73,26.72,934.8
1266,VKMPM1,MJEFM8JN1LJE32723,2022,4,13:42.0,61,38.61,921.4
1386,VWCKM1,N 7004 UQ,2022,4,39:35.0,86,11.88,3816.8
1392,VLNPN1,DM 8043 AJ,2022,4,46:33.0,90,10.18,2422.5
1414,VWCKM1,S 9134 UO,2022,4,54:27.0,66,34,2326.8
1457,VGIPS1,L 9242 US,2022,4,45:26.0,0,131.91,756
1473,VKABP1,KB 659 XX,2022,4,59:21.0,0,334.33,572.7
1317,VJARM1,B 9114 JYT,2022,4,18:02.0,42,58.04,1369.3
1355,VWCKM1,MJEFM8JN1LJE33209,2022,4,50:26.0,0,104.23,1184.6
1380,VSPLR1,BE 9475 YV,2022,4,47:18.0,0,171.75,1488.6
1383,VWDCM1,H7022OE,2022,4,05:39.0,56,40.89,7171.1
1388,VKAMP1,KH 8647 LP,2022,4,36:31.0,0,380.71,781.7
1511,VJHMM1,B9950FEH,2022,4,17:25.0,57,42.65,1691
1523,VKABP1,KB 8435 AY,2022,4,49:30.0,0,205.76,331.7
1555,VWCKM1,MJEFM8JN1LJE32919,2022,4,21:39.0,1,98.7,2771.3
1435,VGIPS1,L 9847 AC,2022,4,10:40.0,59,40.02,451.6
1469,VJDMI1,B 9688 TIS,2022,4,14:00.0,0,121.62,1168
1487,VGIPS1,MJEC1JG43L5188456,2022,4,22:33.0,64,36.41,495.1
1508,VKKMB2,MJEC1JG43L5188527,2022,4,59:06.0,0,196.04,1293.8
1513,VJDMI1,B 9721 TIS,2022,4,29:13.0,38,62.26,4943.9
1529,VWCKM1,MJERK8JSKLJN23106,2022,4,39:13.0,66,32.36,2602.8
1549,VJDMI1,B 9722 KEU,2022,4,05:57.0,90,10.08,5804.8
1564,VKABP1,D52 - KB 685 XX,2022,4,54:19.0,11,88.79,1099
1732,VGIPM1,BK 8210 ER,2022,4,58:38.0,64,35.89,775.2
1746,VSTIU1,BK 7017 US,2022,4,26:01.0,53,46.59,6088.3
1767,VSGRM1,ATN 74,2022,4,35:47.0,85,14.64,1747.5
864,VWDCM1,MJERK8JSKLJN23075,2022,4,43:40.0,98,1.55,4457.1
1698,VSVBM1,BA 9372 AC,2022,4,09:33.0,0,537.98,548.4
1724,VLNPI1,DM 8638 EA,2022,4,31:42.0,99,0.57,529.8
963,VGIPM1,BK 9653 EQ,2022,4,27:59.0,96,3.78,3303.8
983,VGIPS1,AE 8916 UP,2022,4,34:37.0,68,31.78,122.7
990,VSPLR1,BE 8626 YX,2022,4,59:46.0,0,543.22,2521.5
1075,VKMPM1,DA 8736 BV,2022,4,49:46.0,21,78.88,3453.7
1430,VSCLM1,MJEC1JG43L5188613,2022,4,12:20.0,61,38.78,300.4
1545,VSPLR1,BE 9410 YV,2022,4,23:34.0,99,1.04,1256
1580,VJHMM1,MJEC1JGX1L5037289,2022,4,02:48.0,17,83.42,1877.4
1706,VJHMM1,MJEC1JG43L5188594,2022,4,15:31.0,49,51.03,299.3
1751,VKPPK1,KT 8873 NO,2022,4,22:07.0,57,42.66,858
1604,VWCMC1,MJEFL8JW1LJE24297,2022,4,30:58.0,95,4.56,126.1
1735,VSGRM1,ATN 64,2022,4,54:31.0,84,16.04,2435.1
1770,VLNMM1,MJEC1JG43L5188605,2022,4,26:16.0,79,20.79,845.2
698,VWDCM1,K 7574 OC,2022,4,50:58.0,25,74.32,1632
764,VJDMI1,B 9647 TIS,2022,4,08:49.0,0,103.87,4926.4
863,VJDMI1,MJESG8JE1LJE14375,2022,4,05:00.0,12,87.99,6150.3
926,VGIPA1,BL 8336 JW,2022,4,54:38.0,69,30.7,73.3
971,VJHMM1,MJEC1JG43L5188413,2022,4,26:14.0,0,118.08,57.8
1083,VLNMM1,MJEC1JG43L5188380,2022,4,32:38.0,78,22.5,188.9
1114,VWDCM1,G70240D,2022,4,23:11.0,80,16.71,3679.4
1165,VJAJN1,B 9429 FG,2022,4,54:05.0,88,11.63,1386.1
1260,VKPPK1,MJEFM8JN1LJE33181,2022,4,19:40.0,0,165.32,3706
1396,VKAMP1,KH 8547 LP,2022,4,45:37.0,0,425.07,916.8
1458,VJHMM1,B 9610 NYV,2022,4,54:06.0,85,14.54,756.3
1546,VJDMI1,B 9039 KXU,2022,4,43:57.0,74,25.65,367.4
1567,VGICP2,DH 8912 AK,2022,4,06:00.0,70,30.07,812.3
1575,VGIPJ1,MJEC1JG51L5005127,2022,4,38:34.0,96,4.27,193.6
1647,VJDMI1,B 9794 BDI,2022,4,17:57.0,14,85.51,1217
1740,VWCKM1,L9240UR,2022,4,41:48.0,72,27.79,707
13,VWDCM1,AA 7016 OD,2022,4,16:06.0,90,10.07,6747.1
14,VWDCM1,K7001OM,2022,4,58:58.0,98,0.46,4476
37,VWDCM1,G7017OB,2022,4,16:51.0,94,2.64,4299.8
178,VLNPN1,DB 8590 LM,2022,4,06:08.0,37,62.88,1098.9
28,VWDCM1,R1600DR,2022,4,05:12.0,65,32.67,4626.4
198,VGIPS1,AG 9721 RN,2022,4,33:07.0,100,0,0
264,VWMPS1,AD8089OG,2022,4,42:18.0,32,68.15,157
184,VKABP1,KB 8143 ME,2022,4,14:46.0,50,50.22,1818.2
44,VWDCM1,K 7088 OW,2022,4,40:57.0,88,8.37,6591.7
200,VWMPS1,AD 9027 PM,2022,4,15:18.0,0,100.81,12.4
239,VGIPS1,P 8616 EP,2022,4,50:29.0,76,23.53,443.1
139,VWCSB1,MJEC1JG43L5188007,2022,4,26:12.0,45,54.54,2239.3
210,VWMPS1,AD 8105 AC,2022,4,53:01.0,85,14.88,2117.8
353,VLKMA2,MJEC1JG43L5188151,2022,4,53:52.0,30,70.25,36.3
338,VJHMM1,MJERK8JSKLJN23051,2022,4,02:28.0,97,0.53,6143.8
341,VGIPM1,BK 8425 EQ,2022,4,40:06.0,81,18.87,2391.5
361,VGIPS1,S 8420 UE,2022,4,59:03.0,51,49.15,3367.8
375,VGIST1,D 9069 UB,2022,4,39:36.0,0,111.48,2032.3
415,VGIPS1,W 9613 UL,2022,4,34:08.0,98,2.15,4076.8
490,VWMPS1,AB 8091 AE,2022,4,42:27.0,76,24.03,1955.9
585,VSTIU1,MJEFM8JW1LJE13673,2022,4,21:50.0,87,12.52,1523.7
731,VGIST1,B 9021 PEJ,2022,4,11:28.0,69,31.14,799.6
746,VGIST1,D 7970 AS,2022,4,58:41.0,28,68.76,4640.9
962,VWCMC1,MJEC1JG43L5188364,2022,4,21:09.0,76,24.05,838
979,VWCKM1,MJEC1JG43L5188390,2022,4,25:35.0,31,69.48,3899.2
1060,VJDMI1,B 9693 TIS,2022,4,04:22.0,17,82.59,5947.6
1079,VSGRM1,BM 9389 TZ,2022,4,53:43.0,99,1.38,36.3
1111,VJDMI1,MJEC1JG51L5005074,2022,4,54:54.0,81,19.33,671
1421,VSGLM1,BD 8102 BU,2022,4,34:02.0,51,48.64,1276.6
1621,VJHMM1,MJEC1JG43L5188561,2022,4,59:50.0,100,0,0
36,VWDCM1,AA 7034 OD,2022,4,54:56.0,96,3.6,6370.7
12,VWDCM1,AA 7023 OD,2022,4,07:47.0,0,148.59,6818
17,VWDCM1,AA7526OB,2022,4,34:19.0,36,61.05,2922.3
1786,VSGRM1,ATN 75,2022,4,02:03.0,83,16.84,2761.9
38,VWDCM1,K 1570 BW,2022,4,41:37.0,75,22.46,4082.1
40,,K 1570 GW,2022,4,13:30.0,92,4.08,6738.1
108,VGIST1,D 8772 TO,2022,4,51:31.0,80,20.29,595.1
112,VWCMC1,MJEC1JG43L5187998,2022,4,21:08.0,66,34.29,1792
148,VJARM1,A 9349 ZB,2022,4,36:50.0,74,26.35,1485.8
149,VJARM1,B9123JYT,2022,4,11:14.0,56,43.97,1793.2
161,VSGRM1,BM 9277 TZ,2022,4,06:39.0,97,2.88,147.6
129,VWCSB1,MJEC1JG43L5188008,2022,4,40:52.0,71,29.27,1614.5
121,VGIPM1,MJEC1JG43L5187990,2022,4,24:36.0,85,15.19,436.2
123,VJARM1,A 9350 ZB,2022,4,48:43.0,12,87.62,1145.4
254,VGIPM1,BK 8184 TQ,2022,4,38:49.0,48,51.67,2118.3
287,VWCMC1,MJEFM8JN1LJE32948,2022,4,18:14.0,96,4.21,1203.6
288,VKAMP1,MJEFM8JN1LJE32950,2022,4,10:02.0,0,139.11,3294.7
1331,VSGRM1,BM 9632 FU,2022,4,08:25.0,96,3.5,2492.2
1446,VLKMA2,MJEC1JG43L5188817,2022,4,00:34.0,100,0,0
1460,VJHMM1,B 9606 NYV,2022,4,05:46.0,84,15.61,1851.6
1618,VJHMM1,A 9904 EA,2022,4,02:52.0,50,49.52,20.7
1447,VLKMA2,MJEC1JG43L5188516,2022,4,41:40.0,33,66.5,2149.1
1483,VLKMA2,MJEC1JG43L5188500,2022,4,39:09.0,17,82.63,787.5
1518,VKABP1,KB 665 XX,2022,4,43:46.0,74,25.91,3765.8
1619,VJDMI1,B 9624 TIS,2022,4,53:32.0,0,171.75,487.2
1625,VGRMM1,BP9519HI,2022,4,35:51.0,1,98.88,26.8
1631,VWCKM1,MJERK8JSKLJN23112,2022,4,15:24.0,74,22.74,6877.9
1444,VLKMA2,MJEC1JG43L5188523,2022,4,32:15.0,81,18.61,1769.3
1610,VGIPJ1,MJEC1JG43L5188582,2022,4,17:58.0,0,100,6.5
1642,VJBJI1,MJEC1JG41L5188477,2022,4,26:47.0,50,50.04,884.8
1663,VGIPS1,MJEC1JG43L5188599,2022,4,08:39.0,68,32.46,7.7
1682,VSJIM1,BH 8773 MW,2022,4,46:16.0,0,137.31,1211.9
1691,VJHMM1,MJEC1JG43L5188593,2022,4,39:29.0,47,53.3,107.9
1659,VGIPJ1,MJEC1JG43L5188592,2022,4,29:09.0,85,14.97,21.7
1683,VSJIM1,BH 8769 MW,2022,4,31:11.0,100,0,0
3,VWDCM1,AA 7023 OD,2022,4,33:24.0,100,0,0
79,VJMGI1,MJERK8JSKLJN23031,2022,4,44:29.0,89,10.47,4435.9
1802,VLKMS1,MJEC1JG41L5188344,2022,4,10:56.0,92,8.3,177.7
1815,VSGRM1,BM 9634 FU,2022,4,50:26.0,81,19.27,4527.2
57,VJHMM1,MJEAK8JRKLJF16107,2022,4,50:08.0,99,0.5,941.3
113,VLNMM1,MJEC1JG43L5187996,2022,4,47:40.0,92,7.75,1078.2
116,VJDMI1,MJEC1JG43L5187926,2022,4,49:53.0,57,43.4,14.4
217,VWDCM1,K 7099 OW,2022,4,56:36.0,9,88.18,6259.4
305,VGIPS1,L 8211 AE,2022,4,36:11.0,70,29.66,63.2
276,VJDMI1,A 9135 U,2022,4,57:12.0,63,36.75,278.9
321,VSTIU1,BK 8644 EQ,2022,4,50:17.0,88,12.16,2531.3
323,VJDMI1,B 9235 FXV,2022,4,07:35.0,84,16.22,157.2
336,VGIPS1,L8648AC,2022,4,37:30.0,68,31.46,365.5
374,VSTIU1,MJEFM8JW1LJE13671,2022,4,26:52.0,92,8.34,1850.6
381,VLPMA1,MJEC1JG43L5188163,2022,4,32:24.0,90,10.06,1637.3
400,VLNPI1,DB 8227 EH,2022,4,24:42.0,87,13.03,3009.5
476,VJDMI1,B 9228 FXV,2022,4,18:05.0,79,21.08,380.6
608,VJDMI1,B 9657 TIS,2022,4,46:37.0,2,98.12,4606.7
730,VLKMA2,MJEC1JGX1L5037264,2022,4,01:28.0,55,44.52,2672.6
784,VPKAK1,PB 9993 SA,2022,4,16:11.0,0,170.79,806.5
812,VJHMM1,MJEFM8JN1LJE33081,2022,4,02:32.0,0,156.47,1214.5
813,VLKMA2,MJEFM8JN1LJE33075,2022,4,17:23.0,72,28.11,923
825,VWCSB1,DK 8526 BK,2022,4,58:20.0,72,27.91,3774.2
908,VJDMI1,B 9309 KYY,2022,4,44:07.0,0,146.33,968.7
408,VSTIU1,MJEFM8JW1LJE13672,2022,4,28:34.0,93,6.68,1888.9
498,VJDMI1,B 9231 FXV,2022,4,41:08.0,84,15.99,270.5
513,VLPMA1,MJEC1JG43L5188233,2022,4,59:36.0,20,80.44,1488.6
313,VSVBM1,BA 9159 AE,2022,4,22:41.0,79,21.45,263.4
315,VPKAK1,PB 9127 K,2022,4,00:16.0,0,108.71,490.1
390,VLKMA2,MJEC1JG43L5188152,2022,4,32:25.0,39,60.73,570.9
1160,VSPPR1,BG 8006 AH,2022,4,45:46.0,0,111.65,230.4
1189,VJARM1,MJEFM8JN1LJE32978,2022,4,16:56.0,12,88.25,5425.1
1195,VJHMM1,B 9598 NYV,2022,4,08:30.0,82,18.25,1178.4
1206,VWCKM1,MJEC1JG43L5188425,2022,4,17:57.0,51,48.91,816.3
1309,VJBJI1,MJEC1JG41L5188552,2022,4,14:11.0,36,64.02,677.1
1364,VSPLR1,BE 9036 FU,2022,4,53:45.0,91,9.03,260.3
1373,VKPPK1,MJEFM8JN1LJE33194,2022,4,30:41.0,0,120.82,2721.5
1590,VJARM1,T 9776 AB,2022,4,04:17.0,34,66.4,1673.9
1636,VLNPI1,DL8413BA,2022,4,30:11.0,31,68.56,77.3
1678,VKABP1,KB 8436 AY,2022,4,27:02.0,13,87.16,446.6
1722,VSPPR1,MJEFM2PL1LJM10273,2022,4,49:29.0,0,134.11,668.5
1784,VKPPK1,KT 8297 RP,2022,4,56:44.0,81,19.34,230.1
7,VWDCM1,AA 7021 OD,2022,4,47:03.0,96,4.23,5183.6
9,VWDCM1,AA 7027 OD,2022,4,47:08.0,74,25.51,7303.9
100,VJHMM1,B9957FCK,2022,4,50:28.0,88,12.4,155.2
106,VJBJI1,B9313PCQ,2022,4,36:49.0,66,33.83,36.2
1808,VSGRM1,ATN 65,2022,4,19:00.0,92,8.46,1808.9
5,VWDCM1,AA 7030 OD,2022,4,10:19.0,87,12.97,7080
154,VWCMC1,MJEC1JG43L5187999,2022,4,41:00.0,82,17.91,160.5
157,VWCSB1,DK 8042 TC,2022,4,02:02.0,14,85.68,1796.3
169,VJARM1,B9766BDI,2022,4,55:46.0,85,15.35,239.4
193,VLNMM1,MJEC1JG43L5188076,2022,4,02:16.0,91,9.4,71.8
195,VGIPJ1,B 9766 PYX,2022,4,44:55.0,73,26.79,870.8
275,VGIPS1,L 8522 AE,2022,4,05:23.0,77,22.32,959.7
760,VGIPS1,AG 8115 UF,2022,4,05:54.0,49,51.42,4805.3
865,VKPPK1,KT 8375 RP,2022,4,46:23.0,59,41.4,2889.5
903,VKAMP1,MJEC1JG43L5188362,2022,4,13:27.0,0,105.87,28.1
925,VGIPS1,AG 9789 UW,2022,4,44:08.0,0,177.67,1597.2
967,VSPLR1,BE 8619 YX,2022,4,58:54.0,0,356.57,3271.9
1184,VJHAM1,L 9976 UR,2022,4,30:20.0,58,41.88,1817.2
1311,VJBJI1,MJEC1JG41L5188554,2022,4,32:45.0,68,32.24,838.1
1315,VGIPS1,AG9653UR,2022,4,02:37.0,100,0,0
1329,VJHMM1,B 9593 NYV,2022,4,17:41.0,84,15.9,1089.4
1489,VJBJI1,MJEC1JG41L5188478,2022,4,33:56.0,69,31.39,685.7
1584,VLNPN1,DM 8796 BA,2022,4,34:07.0,100,0,0
404,VKAAJ1,MJEC1JG43L5188165,2022,4,52:25.0,73,27.19,1231.8
406,VJDMI1,MJEFG8JE1LJB13774,2022,4,05:51.0,60,39.73,1593.9
544,VJDMI1,B 9453 TEJ,2022,4,33:50.0,63,37.34,1405.2
568,VJDMI1,B 9948 FCK,2022,4,31:35.0,66,33.93,2643.6
582,VWCKM1,MJEFL8JN1LJB11363,2022,4,08:10.0,88,12.29,3329.1
436,VJDMI1,T 9187 DG,2022,4,00:28.0,78,22.07,1173.3
487,VJDMI1,B 9977 FCK,2022,4,11:41.0,78,22.1,1634.2
520,VJMGI1,-,2022,4,41:31.0,100,0,2509.5
666,VLNMM1,DE 8639 MU,2022,4,29:56.0,72,27.58,1627.4
665,VJDMI1,MJEFM8JN1LJE33010,2022,4,58:09.0,47,52.76,5467.3
702,VWDCM1,H7019OE,2022,4,06:48.0,92,5.4,6799.1
766,VSPPR1,BG 8762 JF,2022,4,14:05.0,79,21.3,769.7
803,VJDMI1,B 9930 UCV,2022,4,50:50.0,87,12.71,318.8
736,VLKMA2,MJEC1JG53L5005029,2022,4,04:35.0,89,11.01,1964.1
769,VGIPS1,MJEC1JG43L5188305,2022,4,42:58.0,79,21.36,19.9
790,VGIPS1,MJEFM8JN1LJE33063,2022,4,21:44.0,18,81.73,1600.4
937,VJDMI1,B 9746 PYX,2022,4,36:55.0,97,3.47,7.2
881,VWCMC1,MJEC1JG43L5188375,2022,4,45:59.0,0,201.53,81.5
1058,VKMPM1,MJEFM8JN1LJE33138,2022,4,43:27.0,0,119.25,2527.6
1101,VJDMI1,B 9310 KYY,2022,4,25:03.0,0,146.08,892.5
1130,VLKMA2,MJEC1JG43L5188442,2022,4,20:21.0,84,16.33,990
909,VSPLR1,BE 9390 YV,2022,4,35:24.0,98,1.68,1999
930,VKABP1,D26 - KB 653 XX,2022,4,38:29.0,71,29.09,1280.1
1078,VWCSB1,MJEC1JG43L5188436,2022,4,34:10.0,77,22.4,423
991,VSPLR1,BE 8625 YX,2022,4,09:58.0,0,372.51,2343.6
1070,VSCLM1,BG 8362 OH,2022,4,47:42.0,94,5.92,950.5
1093,VGIPS1,MJEFG8JE1LJB13797,2022,4,00:36.0,100,0,520
1116,VWDCM1,G7026OD,2022,4,52:15.0,87,9.23,5541.6
1157,VSPLR1,BE 9388 YV,2022,4,57:45.0,98,2.39,1479.4
1167,VWCKM1,MJEFM8JN1LJE32916,2022,4,51:39.0,22,77.88,426.6
1170,VJHAM1,L 8078 US,2022,4,15:35.0,70,29.92,1951
1197,VJDMI1,B9159NFU,2022,4,17:53.0,85,15.25,2479.6
1174,VWCSB1,MJEC1JG43L5188446,2022,4,10:13.0,69,30.55,2857.7
1399,VJBJI1,MJEC1JG41L5188551,2022,4,12:03.0,34,66.32,510.4
