user_id,session_id,session_start_time,session_end_time,pages_visited,time_spent_per_page
917,1,2024-08-03 08:07:19.316,2024-09-11 04:53:44.755,1,4.492748448802341
242,2,2024-02-15 07:09:06.511,2024-08-13 17:06:04.493,3,0.4008998085751859
60,3,2024-05-21 21:21:09.429,2024-01-16 17:35:07.520,6,1.306971871503507
327,4,2024-09-22 03:17:07.054,2024-09-09 14:25:38.066,2,2.64464038560691
616,5,2024-05-26 14:08:12.239,2024-05-30 20:57:00.272,4,3.445332306510014
99,6,2024-01-07 00:52:43.874,2024-08-02 04:26:54.618,3,3.541830948795794
121,7,2024-05-01 03:14:19.646,2024-05-15 20:59:31.515,4,1.666193781656256
696,8,2024-03-09 08:17:00.655,2024-05-23 16:17:20.879,9,1.636654048301975
562,9,2024-05-08 07:26:51.427,2024-01-22 14:31:21.400,8,3.554073030755493
610,10,2024-05-09 09:29:40.990,2024-01-24 08:56:22.805,6,4.044479294396423
948,11,2024-02-08 08:23:02.465,2024-09-23 15:49:34.216,6,0.2588331237762677
549,12,2024-10-10 03:18:28.090,2024-05-16 00:34:46.328,9,3.096389054131719
834,13,2024-04-21 22:18:56.561,2024-02-01 01:00:08.948,9,3.02311988703169
809,14,2024-10-26 03:47:50.813,2024-07-08 02:28:12.488,2,1.069745899041324
233,15,2024-02-06 08:45:27.057,2024-04-26 19:11:59.066,6,3.240017030706913
139,16,2024-10-03 15:54:08.694,2024-01-15 13:00:03.992,4,2.149145181842455
120,17,2024-07-02 12:52:25.027,2024-06-16 13:59:02.344,2,2.891196785383182
394,18,2024-05-28 13:09:08.420,2024-07-01 20:37:46.215,6,1.279800914320768
202,19,2024-01-18 22:52:29.344,2024-01-04 06:30:01.345,4,2.875093006173329
124,20,2024-03-15 07:08:39.934,2024-04-02 01:15:11.972,3,4.315747526845636
405,21,2024-03-12 11:41:57.709,2024-09-25 08:56:41.168,4,2.074883663665746
879,22,2024-04-15 07:25:35.704,2024-05-11 08:09:13.691,4,2.26529868660195
402,23,2024-07-14 02:49:51.599,2024-10-02 19:29:56.809,8,4.713220250406648
462,24,2024-10-20 02:34:38.635,2024-08-29 05:43:27.729,2,4.560830036604575
455,25,2024-06-01 03:13:20.564,2024-04-05 21:22:38.847,3,2.520725106060732
751,26,2024-08-02 20:15:31.692,2024-04-11 15:50:03.235,9,2.959064398301826
381,27,2024-04-09 19:48:03.459,2024-03-08 09:52:24.186,2,1.008779501164968
680,28,2024-03-09 17:35:33.725,2024-10-19 08:52:10.504,3,2.928719306954293
603,29,2024-04-07 15:15:51.887,2024-04-28 05:44:27.324,6,0.9338690658780341
293,30,2024-04-03 00:00:21.009,2024-05-25 07:44:45.004,3,1.710327893131262
585,31,2024-01-31 22:37:20.517,2024-06-22 18:22:15.810,9,2.444065600959399
450,32,2024-03-16 05:26:45.218,2024-01-04 01:08:44.870,6,2.867497453967493
909,33,2024-10-17 00:52:30.591,2024-04-27 15:16:51.492,7,0.7423343594130284
317,34,2024-10-15 02:27:26.792,2024-03-17 21:37:39.905,2,4.6998567746739
476,35,2024-07-30 12:48:19.900,2024-05-31 22:23:00.317,3,0.8977462748362314
727,36,2024-02-23 19:15:47.895,2024-04-03 05:32:47.971,8,2.780087113245168
598,37,2024-10-23 21:42:49.664,2024-04-03 00:26:22.472,3,0.3554289909569345
319,38,2024-08-26 15:41:00.459,2024-02-08 04:06:43.077,9,1.181041778402714
50,39,2024-02-12 07:36:27.988,2024-06-20 21:38:42.686,1,2.603029068993419
489,40,2024-04-13 08:47:49.917,2024-06-21 19:30:14.212,9,4.839923664473162
406,41,2024-07-11 21:14:24.214,2024-07-29 19:14:26.864,2,4.292332432615817
81,42,2024-01-31 10:08:38.417,2024-10-24 17:52:45.945,7,4.548390174407556
456,43,2024-06-18 12:41:39.010,2024-01-24 03:52:08.954,5,3.176706322767588
827,44,2024-09-16 13:27:01.897,2024-03-08 10:55:39.622,5,2.325323423900971
372,45,2024-09-05 06:41:12.403,2024-07-02 16:51:32.237,7,2.903056355733416
456,46,2024-01-29 06:15:36.950,2024-07-23 21:32:33.652,4,2.613779029524527
768,47,2024-08-06 14:14:13.432,2024-07-28 11:48:12.585,4,1.270243024088663
297,48,2024-06-27 22:00:24.448,2024-05-25 22:22:13.290,3,3.144972224611482
320,49,2024-07-31 18:31:48.936,2024-07-30 08:07:16.901,8,0.6649614474161469
793,50,2024-08-18 22:22:52.149,2024-10-10 17:32:06.388,7,2.421578711337017
776,51,2024-05-18 21:59:06.121,2024-02-10 01:50:44.662,3,3.655523723311681
378,52,2024-06-30 03:19:48.061,2024-03-29 00:21:30.647,6,3.27867595058375
285,53,2024-03-31 20:17:29.727,2024-03-09 01:53:33.027,6,1.06357374401138
21,54,2024-03-03 01:43:45.229,2024-02-02 18:01:11.031,8,2.314437300457366
604,55,2024-09-09 15:15:36.472,2024-10-10 16:38:12.277,8,4.822461989007445
59,56,2024-03-06 14:19:05.550,2024-10-16 16:12:11.668,7,3.575455609792033
818,57,2024-01-30 02:20:18.240,2024-07-02 10:38:54.505,3,3.409816541269957
533,58,2024-01-15 14:30:58.208,2024-03-13 11:28:32.847,3,2.764654917223708
268,59,2024-04-15 23:19:21.297,2024-03-04 15:17:26.884,8,4.294943021401162
275,60,2024-01-28 17:53:27.209,2024-09-17 04:54:28.805,9,3.317229342115347
420,61,2024-08-29 05:49:43.908,2024-05-08 16:39:37.291,7,3.90068427174978
486,62,2024-08-21 21:50:24.459,2024-01-29 17:05:13.577,8,0.4700828445906382
863,63,2024-10-16 21:15:24.849,2024-04-24 16:52:22.491,9,2.709510225429422
915,64,2024-06-04 02:19:44.284,2024-04-13 00:10:00.934,4,3.141061557929604
687,65,2024-05-30 20:36:37.148,2024-10-15 23:50:39.110,1,4.585130670568432
125,66,2024-06-14 07:49:10.174,2024-03-01 10:06:24.158,6,3.324831958224778
863,67,2024-03-17 07:07:21.225,2024-04-21 01:21:57.915,8,2.900326668000104
767,68,2024-03-01 19:18:28.989,2024-03-08 00:02:43.930,2,0.7368139494322261
977,69,2024-06-12 21:21:28.719,2024-08-29 10:30:02.718,4,2.278904460926256
870,70,2024-01-08 10:40:18.235,2024-09-06 05:15:23.448,6,4.895153107737282
287,71,2024-06-18 21:25:20.683,2024-10-24 01:45:35.728,2,0.3180915728221553
87,72,2024-08-08 16:34:25.733,2024-06-17 13:24:30.086,2,0.3371243048308359
102,73,2024-04-15 20:33:22.052,2024-01-22 10:21:36.846,9,2.183998767745452
232,74,2024-03-31 09:04:41.314,2024-06-17 00:46:33.914,4,0.2883069418135749
915,75,2024-03-11 16:50:18.043,2024-04-25 11:31:00.796,4,0.5788615686560232
965,76,2024-04-12 00:27:56.826,2024-02-26 06:25:57.544,5,2.20753503448901
662,77,2024-02-06 20:17:13.255,2024-02-16 12:44:58.032,8,3.687422274327689
941,78,2024-02-23 10:31:17.466,2024-07-05 02:34:56.677,2,4.007274464656362
735,79,2024-10-11 02:59:37.214,2024-04-15 16:02:55.712,6,4.634332117190723
965,80,2024-09-04 07:53:33.972,2024-08-16 15:16:59.771,4,0.1767688721661509
11,81,2024-05-14 09:27:23.826,2024-05-11 00:41:19.161,7,3.138822019172209
37,82,2024-04-12 10:32:45.473,2024-01-07 16:12:27.488,5,4.526440441334437
336,83,2024-02-18 04:14:25.716,2024-01-13 17:13:46.183,7,4.140087515900731
686,84,2024-02-22 13:38:41.873,2024-10-01 17:29:12.881,3,4.516892405571608
503,85,2024-08-07 12:48:45.659,2024-03-10 17:57:20.355,2,0.1568443953955438
784,86,2024-05-18 23:56:58.740,2024-06-15 03:11:01.611,8,4.751597038048108
254,87,2024-03-24 20:12:25.849,2024-06-15 16:12:13.161,3,1.636747256286589
904,88,2024-05-21 11:20:41.482,2024-05-18 16:19:19.824,1,2.254458870963378
831,89,2024-04-06 23:18:35.400,2024-08-17 22:37:16.634,1,1.758433372831081
716,90,2024-01-15 03:48:29.020,2024-05-04 00:18:57.634,5,3.940335689963914
504,91,2024-02-01 09:40:26.329,2024-07-20 01:43:29.492,5,1.565328746233539
479,92,2024-08-15 15:24:00.373,2024-05-16 21:34:55.741,7,4.084561649051433
388,93,2024-01-23 17:37:02.600,2024-06-05 07:34:24.143,5,4.870958666725055
992,94,2024-01-28 00:33:47.536,2024-09-05 13:55:39.889,1,2.979161431733003
813,95,2024-03-24 20:44:13.593,2024-06-24 16:01:29.457,7,0.9533888806644615
979,96,2024-02-18 10:52:43.750,2024-10-21 03:13:53.380,6,3.208940108992375
195,97,2024-01-23 08:47:57.247,2024-08-10 00:31:04.322,7,1.830061568743182
294,98,2024-10-13 04:58:43.067,2024-04-03 22:11:23.353,9,3.659700058022831
594,99,2024-09-24 16:03:41.111,2024-10-14 10:08:23.305,6,1.617393517074746
755,100,2024-01-30 22:11:16.955,2024-10-19 01:02:15.095,5,4.293206560192206
537,101,2024-02-27 02:45:50.861,2024-04-27 11:49:36.684,9,2.797800620170467
520,102,2024-07-17 08:04:45.988,2024-09-14 01:51:26.355,7,3.83412244814326
196,103,2024-04-27 04:29:27.430,2024-09-12 09:56:20.872,1,4.64931468386928
294,104,2024-03-20 13:32:42.391,2024-07-03 00:51:15.249,5,3.019911910508935
149,105,2024-04-24 14:10:16.673,2024-07-13 13:02:00.553,5,3.487627917452865
68,106,2024-08-06 15:37:58.340,2024-09-03 08:53:29.872,8,4.870748139580955
712,107,2024-01-17 20:06:41.809,2024-02-03 09:55:36.809,5,2.764001798222557
270,108,2024-05-31 00:04:19.400,2024-03-24 05:50:54.281,7,4.184369667158234
569,109,2024-07-29 02:00:50.491,2024-03-27 22:57:02.427,5,3.57149048136566
347,110,2024-06-27 16:22:46.261,2024-08-09 22:29:47.326,1,3.790070046991792
204,111,2024-06-25 02:30:12.114,2024-04-17 00:41:37.813,2,3.460723331786773
108,112,2024-03-22 21:13:29.763,2024-08-06 16:20:20.827,9,2.383725561365244
647,113,2024-09-10 00:54:31.455,2024-04-24 07:54:53.101,3,2.395325234755576
168,114,2024-05-06 02:19:30.485,2024-05-07 05:20:07.383,3,0.4957716387472964
660,115,2024-05-28 22:59:36.230,2024-09-11 04:55:49.228,7,2.148240251433086
696,116,2024-05-12 06:40:08.830,2024-08-08 09:41:23.052,2,4.272720940436638
907,117,2024-06-13 01:38:26.307,2024-04-06 03:18:59.395,7,0.4007884204692176
309,118,2024-03-11 16:07:09.691,2024-01-04 23:33:46.107,2,2.462164944052162
750,119,2024-04-07 19:12:13.311,2024-09-06 04:56:38.860,8,1.533255133421039
590,120,2024-05-19 13:55:05.486,2024-10-02 17:33:29.732,8,1.5738082556969
43,121,2024-06-18 17:32:21.949,2024-03-17 19:38:56.331,6,1.842879989216874
312,122,2024-08-04 23:25:11.800,2024-01-31 03:09:50.870,7,4.324535953831799
723,123,2024-09-20 17:35:14.919,2024-08-30 05:18:24.811,8,4.662330439927566
186,124,2024-09-04 19:22:00.817,2024-01-15 14:07:56.805,3,2.017829960044475
92,125,2024-02-23 03:25:13.739,2024-06-28 18:59:48.845,1,4.998280339505417
570,126,2024-07-21 03:54:00.706,2024-07-30 21:12:52.296,4,2.965125021481154
351,127,2024-06-20 01:48:39.187,2024-08-29 15:02:04.095,9,3.245032512253985
481,128,2024-08-13 11:25:55.950,2024-06-23 06:30:29.043,4,4.332429924225021
41,129,2024-02-01 10:16:50.036,2024-04-24 16:17:30.615,6,3.765944356529973
593,130,2024-05-01 08:59:57.086,2024-10-21 13:41:59.001,9,0.4031885235724606
189,131,2024-01-14 14:31:36.863,2024-08-21 12:15:40.507,6,0.7864481769667998
908,132,2024-02-18 19:16:24.449,2024-05-22 06:26:23.974,3,4.004636090696287
56,133,2024-09-23 12:25:44.244,2024-07-19 06:23:54.618,2,1.578319044598778
682,134,2024-08-07 07:11:15.443,2024-06-22 11:53:44.945,3,3.542700362129262
362,135,2024-01-23 02:52:36.046,2024-08-02 07:54:42.472,7,2.205823941585642
358,136,2024-08-08 22:21:01.825,2024-08-20 15:07:37.279,5,1.093528234526305
154,137,2024-05-19 05:15:25.225,2024-02-08 22:09:35.491,1,1.683153659757627
515,138,2024-01-07 02:21:53.385,2024-09-04 01:43:12.733,5,0.1172623511092256
263,139,2024-08-23 17:22:51.720,2024-05-31 11:50:53.401,5,0.6870013069370173
948,140,2024-05-05 06:40:34.774,2024-08-20 03:32:03.141,4,1.293661299686469
545,141,2024-05-14 08:24:37.459,2024-03-18 00:45:13.459,7,1.071826446957411
314,142,2024-06-20 08:22:42.101,2024-06-09 06:40:15.776,5,1.126602012808312
876,143,2024-08-31 17:09:48.454,2024-06-21 01:45:22.656,5,4.265861137501391
76,144,2024-01-30 22:30:31.290,2024-07-02 23:36:38.583,8,2.70285383441108
719,145,2024-06-11 13:31:30.279,2024-03-07 16:34:11.314,4,0.5844041211275204
212,146,2024-08-26 07:35:28.402,2024-08-18 20:30:21.401,9,0.7585719610610163
512,147,2024-06-29 18:10:15.345,2024-01-15 14:39:20.919,3,2.879723209222989
854,148,2024-06-30 15:59:43.512,2024-07-17 05:11:29.184,4,0.6257442963803547
625,149,2024-07-05 20:46:57.492,2024-07-08 04:52:51.430,8,3.987167093971339
357,150,2024-10-23 07:36:39.587,2024-02-25 06:21:01.883,4,4.554155925456187
724,151,2024-10-16 08:50:05.857,2024-05-16 16:13:24.526,8,3.250731787042117
81,152,2024-09-22 03:49:09.822,2024-10-04 14:46:52.313,4,3.918338773315649
152,153,2024-07-23 01:39:06.397,2024-08-12 18:13:28.525,9,3.576140816608545
348,154,2024-05-19 12:03:29.237,2024-04-03 00:24:52.716,8,2.67326804344488
386,155,2024-03-27 20:07:44.326,2024-05-20 21:34:27.526,6,2.596702096774191
439,156,2024-10-20 23:31:55.387,2024-03-04 11:38:40.244,3,2.638992743404878
854,157,2024-05-08 11:24:37.704,2024-10-17 12:52:27.406,6,4.604541745693313
938,158,2024-07-17 21:56:24.961,2024-03-03 07:48:27.682,8,4.886172876006808
461,159,2024-05-27 01:08:07.442,2024-09-11 10:04:37.988,8,3.355645059934858
192,160,2024-01-07 05:29:37.452,2024-01-09 14:50:34.308,2,3.247492140764872
895,161,2024-07-20 00:11:48.530,2024-07-31 02:27:55.907,7,4.27132082014986
112,162,2024-06-09 18:18:40.116,2024-10-08 09:34:59.995,8,1.115886145030135
321,163,2024-10-24 16:43:13.556,2024-02-04 01:49:50.128,5,4.041334240771657
681,164,2024-03-21 19:35:54.076,2024-04-25 06:23:17.707,8,1.593301398415421
908,165,2024-10-21 21:43:59.277,2024-03-19 10:07:20.378,1,2.913647974159223
598,166,2024-05-04 03:27:45.914,2024-04-06 10:03:30.570,9,2.716244251021033
854,167,2024-09-06 07:51:27.699,2024-05-11 14:30:12.839,4,2.957230491221034
929,168,2024-03-21 02:28:54.715,2024-02-04 21:47:24.863,5,2.807850809460981
850,169,2024-09-15 02:25:54.283,2024-08-25 16:25:26.234,9,3.440300199356091
510,170,2024-02-09 09:43:45.358,2024-01-13 08:15:27.161,8,2.42491086353138
249,171,2024-07-27 05:29:23.755,2024-05-24 06:49:46.565,3,1.228166812054714
422,172,2024-01-25 07:20:19.391,2024-08-18 21:24:09.316,1,3.793544947396083
202,173,2024-09-16 08:22:45.732,2024-03-02 17:09:57.157,9,3.940186791390335
623,174,2024-09-24 07:27:15.836,2024-10-25 13:08:57.645,5,3.515714655887003
943,175,2024-04-09 22:02:41.572,2024-06-17 20:42:13.235,1,1.866852199952666
625,176,2024-10-07 15:40:39.765,2024-05-26 23:16:18.508,3,3.064323682239849
167,177,2024-08-18 12:48:50.138,2024-03-21 12:39:15.352,9,3.295876177274159
785,178,2024-03-13 11:20:35.399,2024-04-02 19:30:24.491,9,3.776445000271612
828,179,2024-08-01 03:41:30.710,2024-10-06 20:22:54.161,8,3.831374326493634
885,180,2024-05-05 03:44:23.693,2024-05-16 23:30:51.382,6,0.8192048587598517
71,181,2024-04-29 12:44:57.047,2024-04-20 12:29:19.266,3,2.735351544755866
166,182,2024-07-22 16:19:13.771,2024-08-25 01:19:17.731,1,0.5228629375352832
474,183,2024-09-28 10:43:55.015,2024-05-07 08:35:28.683,9,1.388805163586307
666,184,2024-05-08 11:34:56.825,2024-02-03 16:51:18.573,8,0.388557718136705
807,185,2024-07-18 18:59:50.548,2024-07-18 20:33:52.940,4,1.930397237737326
174,186,2024-07-30 04:22:15.668,2024-07-21 00:17:00.362,9,1.792672034286051
30,187,2024-04-27 12:55:10.436,2024-03-06 13:32:41.417,4,3.742493407631049
413,188,2024-09-22 18:45:20.295,2024-09-10 16:35:38.366,7,3.709199257592807
759,189,2024-01-14 07:37:18.320,2024-05-15 08:49:15.856,2,4.59908356250866
90,190,2024-03-08 01:50:04.453,2024-03-29 20:00:16.419,9,2.239883770523873
263,191,2024-08-27 03:17:32.011,2024-10-18 13:08:24.871,3,2.115064338808116
357,192,2024-06-08 17:01:32.943,2024-05-27 22:08:20.303,3,4.119935282387666
409,193,2024-04-17 16:27:28.857,2024-02-09 04:46:41.091,1,0.3931081848424306
518,194,2024-05-09 02:38:32.607,2024-10-18 22:35:35.018,6,1.238532559660032
329,195,2024-02-01 19:12:15.402,2024-10-22 08:37:03.401,5,2.044299475175362
544,196,2024-10-20 00:37:19.348,2024-01-30 14:53:38.885,7,1.617126852286592
480,197,2024-04-24 12:55:22.068,2024-02-05 17:30:00.075,1,4.65972575290769
559,198,2024-09-04 11:33:45.080,2024-03-24 18:57:19.375,3,4.406784415445737
468,199,2024-08-20 18:39:57.281,2024-05-07 06:26:46.235,8,4.09038087368822
396,200,2024-08-06 16:13:40.150,2024-07-01 08:51:01.420,6,3.650616367425673
653,201,2024-06-27 02:25:34.089,2024-10-01 06:01:01.449,3,4.174094359197261
54,202,2024-03-28 22:59:52.366,2024-03-11 02:36:13.208,7,3.506810519502878
140,203,2024-04-18 01:34:13.793,2024-08-13 07:43:17.266,6,2.146927554169952
173,204,2024-03-06 14:55:28.955,2024-09-02 19:16:46.352,4,1.355289313644201
426,205,2024-01-12 11:49:08.288,2024-08-23 16:58:52.188,9,1.609668367893521
522,206,2024-08-02 10:53:17.190,2024-02-20 06:00:58.310,7,4.72362880590943
969,207,2024-04-14 19:47:55.290,2024-05-29 11:46:05.649,7,1.879650992084895
359,208,2024-09-22 18:32:18.022,2024-03-10 18:48:01.536,4,2.72021099210137
370,209,2024-07-30 11:30:20.073,2024-03-19 17:39:37.461,3,2.315880599475193
780,210,2024-05-06 14:20:49.540,2024-04-22 23:26:17.146,5,4.892022299198399
485,211,2024-04-02 14:44:33.501,2024-10-20 15:52:56.678,8,0.2348699659374295
194,212,2024-02-17 11:33:31.587,2024-09-07 16:49:28.342,7,0.6018190083937632
62,213,2024-08-29 17:36:23.673,2024-01-16 21:03:01.084,3,2.30025062100964
15,214,2024-07-26 17:12:51.484,2024-02-12 12:26:10.798,7,4.353171271436564
141,215,2024-01-12 15:10:43.244,2024-10-11 05:58:51.955,5,2.699276615345972
615,216,2024-07-20 04:57:50.020,2024-07-19 13:57:37.854,9,1.601438466772473
507,217,2024-04-01 14:25:22.159,2024-10-25 11:37:46.188,5,2.757939268594861
855,218,2024-05-26 23:52:54.252,2024-01-31 07:14:26.993,3,1.63891607219171
968,219,2024-01-07 17:36:25.728,2024-08-18 04:53:26.990,3,1.658438545981484
593,220,2024-10-09 17:22:15.992,2024-02-13 11:51:21.195,4,1.332995634648274
742,221,2024-09-27 01:14:44.279,2024-03-10 08:44:39.783,2,2.716913324395788
59,222,2024-09-23 00:51:17.513,2024-06-23 12:30:00.797,8,2.848116747163123
381,223,2024-02-24 17:48:50.074,2024-06-28 03:10:54.607,7,3.730368396589842
694,224,2024-08-28 06:49:41.194,2024-02-17 08:25:01.158,2,0.3025617767089767
340,225,2024-09-07 23:40:15.478,2024-08-07 16:56:20.867,4,4.782015966199426
758,226,2024-04-18 03:58:40.615,2024-02-25 00:00:47.543,4,2.115924300721687
972,227,2024-05-12 07:37:09.633,2024-07-16 10:17:08.028,2,4.080869015544167
928,228,2024-09-25 09:22:00.838,2024-05-20 17:23:17.278,1,3.662662179967773
914,229,2024-08-11 03:32:21.912,2024-08-02 12:04:49.492,1,1.85846726448238
642,230,2024-06-12 05:20:47.495,2024-08-15 03:05:11.478,8,3.385225207368706
176,231,2024-07-10 17:10:38.938,2024-04-20 11:50:03.608,7,1.515793786929763
351,232,2024-06-24 08:05:05.900,2024-09-14 12:49:28.685,9,3.491401474330182
904,233,2024-02-18 14:57:04.145,2024-08-20 18:30:05.197,3,0.1745585224954117
879,234,2024-08-01 22:36:54.746,2024-10-09 10:03:41.576,2,3.657127161955894
534,235,2024-09-02 01:02:33.025,2024-05-10 18:43:09.587,9,2.061098275636706
523,236,2024-04-04 21:02:52.338,2024-03-03 17:56:33.207,7,1.297149261388103
511,237,2024-06-17 15:45:49.233,2024-01-23 17:15:27.749,5,0.8417868904560176
637,238,2024-01-27 12:32:38.678,2024-06-10 15:13:11.997,4,4.331131025352008
786,239,2024-07-22 11:45:23.096,2024-09-25 11:48:09.331,3,4.96852246520756
358,240,2024-02-26 00:07:22.164,2024-05-17 09:20:13.947,5,0.5662913573081632
32,241,2024-08-08 19:23:07.315,2024-04-18 09:41:51.346,1,3.116802316068859
428,242,2024-05-09 05:06:39.312,2024-08-16 17:59:29.595,2,3.280847527472684
87,243,2024-04-12 15:17:11.873,2024-10-07 10:39:23.867,4,4.996914193060158
926,244,2024-06-29 02:23:11.786,2024-07-10 01:15:03.732,6,2.352305088560207
822,245,2024-03-14 13:44:03.123,2024-08-03 17:32:12.867,6,3.430626908120357
28,246,2024-03-04 15:15:51.547,2024-10-19 10:27:33.735,2,3.492168728764721
928,247,2024-09-27 01:25:39.220,2024-05-31 08:26:51.232,4,2.22378678319662
820,248,2024-03-06 23:45:44.623,2024-08-08 22:33:10.336,5,1.047751366884473
665,249,2024-03-16 03:23:16.076,2024-06-10 22:23:08.489,4,3.295914590786588
717,250,2024-04-14 19:31:26.404,2024-05-29 03:56:54.381,8,3.907103476738707
564,251,2024-09-16 20:24:12.237,2024-02-23 23:24:01.422,9,1.576723833331686
372,252,2024-02-22 16:13:04.910,2024-05-28 11:05:17.982,2,3.63682946191299
917,253,2024-02-08 10:08:44.497,2024-04-27 03:33:31.177,8,0.671325903958998
484,254,2024-06-14 16:11:56.202,2024-04-14 18:03:35.808,5,4.806886968756006
597,255,2024-01-03 19:17:38.564,2024-06-06 21:36:44.684,5,1.900422319595871
490,256,2024-02-04 06:41:08.688,2024-05-08 20:59:52.361,5,3.779445449039551
925,257,2024-10-23 23:54:42.013,2024-01-27 17:43:29.301,2,2.325399209924077
665,258,2024-09-11 23:52:28.117,2024-10-04 07:17:54.139,7,3.58236466345555
217,259,2024-04-02 01:34:58.738,2024-05-06 13:35:51.718,8,2.530284286890939
127,260,2024-08-18 09:57:47.967,2024-08-12 18:35:47.848,8,3.480965360665352
76,261,2024-06-10 08:40:19.769,2024-01-24 01:27:34.295,4,1.858966832516112
556,262,2024-09-14 06:31:47.690,2024-06-08 19:43:22.364,3,3.800494134654554
780,263,2024-04-15 10:51:12.646,2024-04-15 16:05:31.789,1,0.6127560710905149
917,264,2024-01-13 21:25:54.048,2024-03-31 08:07:52.463,8,3.953746924645456
334,265,2024-05-14 15:32:45.545,2024-03-03 16:59:33.281,3,1.626499112599173
318,266,2024-03-25 12:06:34.893,2024-08-13 04:07:06.514,1,2.536822452697908
239,267,2024-04-16 06:01:14.693,2024-07-17 14:51:33.916,8,3.63424307486848
675,268,2024-03-11 18:35:11.931,2024-02-07 18:59:08.591,4,4.182821310282763
639,269,2024-01-13 22:42:35.718,2024-10-25 08:43:37.050,3,3.870392871798657
944,270,2024-09-25 09:58:17.928,2024-07-25 07:38:40.202,4,1.081816834735846
66,271,2024-05-17 19:28:46.087,2024-01-12 18:28:40.006,6,3.360772943663279
887,272,2024-02-03 18:38:08.774,2024-04-13 14:02:19.372,3,4.197803160639166
455,273,2024-06-11 08:24:30.387,2024-06-08 15:14:53.628,2,0.3000046052335388
5,274,2024-04-15 05:59:13.643,2024-01-02 04:14:47.512,1,4.496617556264349
810,275,2024-09-03 08:53:20.721,2024-10-15 07:57:21.824,1,1.819427492036878
263,276,2024-03-02 00:40:31.545,2024-10-11 02:34:24.923,5,3.319524316329109
595,277,2024-04-04 09:32:07.526,2024-03-12 20:47:37.154,7,1.898924136292159
912,278,2024-08-14 03:12:01.551,2024-09-23 07:28:25.985,5,2.338635600653522
831,279,2024-07-30 19:03:00.106,2024-04-15 10:53:27.300,4,0.4573510608341229
88,280,2024-06-03 11:41:18.354,2024-08-07 04:12:21.363,2,0.9330088478073412
364,281,2024-03-14 08:38:12.803,2024-03-08 00:25:19.015,2,4.5427132249889
481,282,2024-10-03 21:21:03.928,2024-07-06 01:20:41.875,1,4.872153044722993
860,283,2024-08-31 10:59:14.045,2024-02-15 10:10:27.723,5,1.639193319079602
139,284,2024-10-01 19:27:00.511,2024-07-18 05:28:19.423,9,3.656478871853814
711,285,2024-04-04 11:39:36.881,2024-09-05 08:16:17.585,5,3.200651025162032
289,286,2024-07-12 02:21:40.773,2024-08-01 02:48:41.594,5,2.886836617857494
160,287,2024-01-12 06:39:02.334,2024-06-02 06:01:52.581,4,1.23069779355612
830,288,2024-05-15 23:30:15.014,2024-03-23 23:06:59.799,4,1.710009877379346
824,289,2024-01-07 05:02:11.286,2024-06-16 14:38:35.750,9,3.668043644573276
280,290,2024-02-07 03:24:40.760,2024-07-19 00:35:37.545,1,1.003645735037365
239,291,2024-07-07 23:52:34.771,2024-05-15 14:52:58.303,5,4.8283337619738
406,292,2024-10-13 21:41:00.047,2024-05-23 22:20:17.707,4,0.4132545768179727
410,293,2024-06-12 11:15:06.408,2024-08-11 16:27:57.616,2,0.5165531575001955
84,294,2024-02-23 12:09:11.401,2024-04-26 07:15:19.843,9,2.923107308709002
675,295,2024-04-05 23:34:32.841,2024-09-09 15:01:06.528,7,3.323477878677787
570,296,2024-10-12 18:48:30.940,2024-10-26 09:40:09.747,5,4.137044864708775
593,297,2024-03-14 01:12:32.483,2024-10-22 16:33:10.593,5,2.847380650652296
387,298,2024-09-24 10:34:21.985,2024-04-02 13:47:09.174,9,3.995680507476388
4,299,2024-04-21 23:35:40.967,2024-08-11 01:03:06.773,5,2.433816557863243
967,300,2024-02-25 02:06:37.015,2024-10-16 22:43:51.111,3,3.051600039694435
245,301,2024-04-01 00:11:50.626,2024-08-19 19:07:20.772,9,0.6965782999561734
323,302,2024-04-07 16:30:52.969,2024-06-03 19:12:22.506,4,2.731203498660641
25,303,2024-10-13 10:43:56.944,2024-07-02 17:35:53.196,6,3.664474619334877
192,304,2024-01-24 01:03:10.010,2024-09-09 12:34:33.874,8,0.8731614658745576
561,305,2024-06-17 14:25:01.623,2024-08-08 16:35:12.068,3,2.350758589094121
391,306,2024-08-28 13:31:54.011,2024-04-04 23:03:30.424,5,3.628017247313925
221,307,2024-08-12 16:14:22.754,2024-06-25 00:12:43.775,5,4.554035794133969
803,308,2024-03-21 15:42:33.898,2024-06-07 17:36:24.395,7,2.545381891072811
200,309,2024-05-02 07:50:25.520,2024-06-30 03:23:14.011,9,4.506138248332123
993,310,2024-03-20 03:28:49.614,2024-02-15 20:08:44.684,2,4.669294889647785
73,311,2024-10-21 04:01:55.766,2024-03-14 04:03:07.385,4,2.950001795591044
638,312,2024-02-11 14:40:12.665,2024-06-12 11:48:23.934,9,3.296910689432829
268,313,2024-03-23 10:26:23.803,2024-08-27 13:56:55.947,7,2.961463766949165
644,314,2024-04-20 18:42:30.531,2024-10-17 13:01:27.786,3,2.977850464834761
929,315,2024-04-04 22:28:22.913,2024-03-21 17:06:14.007,6,2.893147878405342
988,316,2024-04-16 10:50:26.039,2024-08-17 09:53:20.741,7,4.565181464784399
592,317,2024-10-25 09:41:33.967,2024-03-28 19:57:21.355,2,3.158988359433018
921,318,2024-08-29 08:11:58.338,2024-07-15 14:07:42.334,9,1.109314680126927
578,319,2024-04-02 15:48:31.552,2024-07-10 13:33:19.768,4,3.243255745630011
339,320,2024-02-02 00:34:55.424,2024-08-25 16:38:12.760,9,4.181941680767879
705,321,2024-01-27 12:48:58.269,2024-01-10 16:16:50.780,6,0.5627736843732675
42,322,2024-06-11 06:06:32.157,2024-03-25 17:40:09.987,1,2.02185448959628
32,323,2024-10-06 18:20:37.060,2024-05-25 06:30:15.110,4,2.743352679686183
604,324,2024-04-23 21:36:54.545,2024-03-09 07:56:55.586,6,1.430361074924139
708,325,2024-01-09 02:39:26.552,2024-07-24 02:03:16.763,6,1.056492954001874
847,326,2024-07-02 14:21:08.239,2024-09-09 15:04:08.099,5,2.299273974335216
948,327,2024-06-27 01:14:07.868,2024-10-22 15:25:52.956,4,3.619779026478914
813,328,2024-10-22 05:52:46.996,2024-04-21 21:32:53.898,1,0.1086669583387985
419,329,2024-06-29 17:00:08.543,2024-09-09 14:33:34.979,9,0.9933007142034471
133,330,2024-07-20 11:00:29.252,2024-10-02 19:11:24.837,7,1.258601511932015
749,331,2024-04-15 17:04:35.276,2024-07-23 23:52:20.734,9,0.7127011419042646
819,332,2024-09-15 00:25:47.787,2024-01-02 17:51:38.448,9,1.570672364130524
417,333,2024-09-12 21:50:53.888,2024-03-22 10:34:42.021,3,4.385198028767483
900,334,2024-02-28 20:48:37.596,2024-04-22 10:36:18.826,9,3.417644210738535
715,335,2024-05-27 04:25:53.266,2024-07-17 10:36:28.389,8,3.605358185415786
293,336,2024-07-21 05:16:01.511,2024-05-28 15:22:21.693,2,3.556301356562957
972,337,2024-08-21 18:54:41.297,2024-10-13 16:13:12.922,9,0.5689947979913741
765,338,2024-09-14 02:50:47.616,2024-08-11 01:39:34.841,8,4.693948301454795
316,339,2024-06-30 07:46:20.505,2024-09-15 07:11:02.726,2,4.436317009511773
686,340,2024-06-01 20:49:26.459,2024-07-16 16:22:42.906,1,4.936714535704196
415,341,2024-02-23 17:18:21.002,2024-09-19 10:06:52.904,3,4.817997388928718
733,342,2024-04-26 02:45:06.982,2024-03-17 11:42:06.013,7,3.188862946144089
415,343,2024-05-13 12:28:34.097,2024-04-10 23:31:37.221,9,2.707157199088086
317,344,2024-03-14 01:29:59.564,2024-08-14 04:00:36.268,5,3.190856647018951
453,345,2024-03-15 00:43:54.630,2024-05-26 21:41:58.334,4,3.573539990952617
205,346,2024-08-02 19:01:24.628,2024-04-05 05:54:18.326,5,3.813986163784759
322,347,2024-03-10 22:48:35.029,2024-02-25 23:29:16.165,3,1.839316468213179
749,348,2024-09-25 16:13:33.876,2024-05-30 13:49:35.611,6,0.5666999765574998
595,349,2024-02-09 19:49:57.167,2024-09-27 09:46:39.105,7,3.909463285021139
360,350,2024-04-25 19:45:34.671,2024-02-16 05:58:14.595,3,2.826043520558969
163,351,2024-04-30 06:59:42.255,2024-09-15 10:02:51.455,5,4.674035981415954
530,352,2024-07-25 13:01:18.007,2024-01-12 03:42:02.998,8,3.424508725245548
778,353,2024-03-22 08:24:43.120,2024-07-12 15:26:00.876,5,0.1900832974926304
332,354,2024-01-18 02:53:57.555,2024-08-28 20:32:36.442,7,2.565178066450614
349,355,2024-09-13 18:06:43.036,2024-07-26 22:50:17.879,4,1.400467375854494
625,356,2024-05-13 02:32:03.215,2024-07-03 15:13:14.727,1,1.747429697234044
45,357,2024-10-25 13:30:19.491,2024-04-06 13:03:40.242,8,4.025468423432692
633,358,2024-08-16 16:25:46.173,2024-07-03 03:47:31.728,8,3.493492868837448
542,359,2024-06-22 09:22:38.054,2024-02-06 01:44:56.098,6,4.071180342246357
204,360,2024-05-19 02:37:33.506,2024-08-03 10:07:47.434,3,0.4678137464102236
501,361,2024-08-25 03:19:57.224,2024-03-02 18:32:37.849,4,4.210355147603681
704,362,2024-06-27 03:58:26.434,2024-02-06 00:55:44.786,3,3.613029832792832
632,363,2024-03-06 00:52:55.555,2024-01-05 07:45:30.396,4,1.95148206339693
596,364,2024-01-02 04:59:14.423,2024-07-08 01:40:15.818,4,2.502369640799913
944,365,2024-02-16 19:54:07.308,2024-06-11 04:09:25.338,4,0.1236490965678709
266,366,2024-08-29 19:07:38.417,2024-02-23 22:27:48.980,9,2.278300084410689
110,367,2024-04-11 00:38:16.407,2024-03-16 21:29:32.335,5,0.7983693010636751
553,368,2024-01-18 16:47:57.682,2024-01-29 07:31:36.074,2,4.200942281518926
947,369,2024-08-29 10:28:01.067,2024-10-20 10:30:00.820,5,3.918328776574726
919,370,2024-06-28 15:30:38.729,2024-01-11 01:38:36.498,4,4.613031700912619
523,371,2024-03-30 23:54:49.399,2024-02-26 19:24:07.750,2,0.6935686628037251
779,372,2024-06-27 15:09:12.921,2024-10-12 20:02:26.143,5,1.827438690515131
241,373,2024-08-25 11:20:19.694,2024-03-07 11:17:45.936,7,2.90525401207792
528,374,2024-08-16 05:04:37.763,2024-08-12 01:56:00.367,9,2.203794684144813
64,375,2024-01-24 11:18:53.418,2024-03-31 18:37:23.895,7,2.289855346219696
623,376,2024-06-24 02:46:39.083,2024-09-10 17:28:28.935,4,1.662295237403242
90,377,2024-04-19 04:16:00.240,2024-06-05 08:15:21.444,1,1.067124383505085
890,378,2024-08-06 18:33:53.939,2024-01-23 03:07:30.520,6,1.434329200338705
448,379,2024-08-12 19:41:56.561,2024-01-29 23:38:24.905,6,2.855483594897614
638,380,2024-03-18 03:30:40.840,2024-01-29 18:55:31.718,9,0.8735523840882898
233,381,2024-10-14 17:21:45.236,2024-10-01 02:46:25.708,9,0.3627763836921025
143,382,2024-02-25 17:40:56.389,2024-09-02 05:18:51.136,2,0.1496827632167791
231,383,2024-02-15 07:18:47.082,2024-07-15 07:14:08.702,1,3.238018941572052
940,384,2024-07-21 02:45:31.868,2024-03-12 04:48:39.352,6,2.325861736788212
810,385,2024-03-15 12:43:22.446,2024-07-23 02:40:15.223,8,2.39487346475763
300,386,2024-05-15 23:44:26.647,2024-06-12 09:51:27.031,6,0.9336767016135736
105,387,2024-09-13 23:44:51.594,2024-02-18 14:33:40.323,1,3.03796065017568
704,388,2024-07-06 01:25:06.033,2024-05-29 23:13:15.648,6,2.677610328619123
290,389,2024-03-06 01:42:26.691,2024-06-24 15:31:17.586,6,3.932232938574078
47,390,2024-07-07 20:14:50.063,2024-06-09 11:51:40.646,1,2.991471141555492
524,391,2024-06-13 03:24:10.723,2024-04-02 02:47:41.185,1,1.446568452593521
126,392,2024-06-12 07:22:05.444,2024-04-18 03:43:52.209,5,4.531683861187355
530,393,2024-07-20 03:25:56.961,2024-03-08 16:42:54.802,2,4.125327051214199
100,394,2024-04-09 15:25:55.688,2024-05-01 12:57:02.174,1,2.146119686919063
14,395,2024-08-11 00:31:22.111,2024-01-02 20:00:45.105,4,1.659157224348426
961,396,2024-03-28 06:16:37.313,2024-08-17 20:06:25.891,8,1.709848912519278
20,397,2024-02-26 12:07:59.661,2024-01-22 09:49:18.234,1,1.572388672608967
673,398,2024-07-14 18:28:08.314,2024-07-31 02:37:25.121,9,1.693131339764491
281,399,2024-07-14 17:23:36.532,2024-09-30 10:59:01.422,6,4.344825654755085
976,400,2024-02-03 19:07:20.258,2024-10-15 09:40:38.586,1,3.017965638684879
265,401,2024-01-29 06:25:31.467,2024-07-03 16:21:29.416,1,2.427738709401234
539,402,2024-03-26 09:34:16.957,2024-10-14 05:28:54.703,3,1.722922776121383
400,403,2024-07-11 08:14:10.360,2024-08-15 00:27:06.257,9,0.7350628612595318
945,404,2024-07-13 07:23:22.120,2024-03-11 23:21:45.585,8,4.315947391568989
350,405,2024-06-29 00:32:17.319,2024-01-14 21:48:42.107,9,1.776293606428671
466,406,2024-10-26 06:49:51.770,2024-06-04 06:07:09.014,2,3.168669172361855
477,407,2024-06-07 09:57:50.175,2024-10-17 07:36:54.740,4,0.6922102214129724
672,408,2024-04-30 20:50:18.637,2024-02-04 21:30:37.174,5,4.925366607319068
164,409,2024-09-07 19:41:05.566,2024-05-27 12:13:26.908,3,4.744556415295675
420,410,2024-09-07 04:12:27.340,2024-06-02 01:41:42.168,9,3.407825479417288
473,411,2024-01-16 19:26:13.996,2024-08-14 07:49:25.738,7,1.987428596210483
895,412,2024-09-21 15:27:32.784,2024-07-26 19:48:01.022,2,2.556649544606841
494,413,2024-01-02 17:55:53.618,2024-06-30 18:58:20.561,2,3.099970861716044
524,414,2024-08-03 16:45:13.320,2024-07-24 16:19:23.111,5,1.033064685264886
170,415,2024-08-10 21:05:06.836,2024-10-25 06:41:36.507,7,3.341274384310973
804,416,2024-07-14 19:28:06.381,2024-06-18 08:49:03.583,2,0.1454337648914764
531,417,2024-01-25 17:02:04.046,2024-08-26 06:24:38.315,8,0.9618861651305661
399,418,2024-09-28 19:55:44.902,2024-08-12 04:44:08.736,6,0.2008246822430901
275,419,2024-01-23 01:08:42.468,2024-10-26 02:20:27.201,8,4.485197132453444
51,420,2024-04-06 20:12:22.233,2024-03-03 10:42:50.786,2,4.889156019655961
414,421,2024-05-20 16:23:31.902,2024-08-21 21:24:48.080,4,4.56051290067867
950,422,2024-01-30 09:07:07.250,2024-03-31 10:47:27.232,2,4.87020205756873
67,423,2024-03-31 05:34:14.974,2024-04-24 00:03:56.555,9,3.990975057361225
816,424,2024-08-09 03:35:33.975,2024-07-20 01:13:43.565,3,3.887664200219133
133,425,2024-07-05 01:37:44.304,2024-03-18 04:06:50.971,1,1.923987241414383
964,426,2024-10-22 14:29:56.043,2024-08-31 10:22:48.228,5,4.565258850069705
404,427,2024-03-25 04:30:40.449,2024-03-14 04:25:45.266,9,1.97563072320933
229,428,2024-07-16 11:47:48.935,2024-02-27 04:10:35.875,1,1.465500868064521
559,429,2024-02-09 02:05:07.195,2024-05-18 04:52:04.290,4,3.908022542802211
611,430,2024-08-26 10:28:28.169,2024-01-31 08:25:23.887,2,4.961940517986354
359,431,2024-04-30 01:42:32.257,2024-04-06 03:48:22.610,6,4.674586800994617
350,432,2024-01-26 22:33:21.034,2024-04-07 01:35:52.768,6,0.8996907615672175
801,433,2024-05-13 13:23:33.991,2024-05-25 02:50:36.468,9,3.389764582521074
555,434,2024-04-26 13:10:56.686,2024-09-27 22:11:09.877,2,1.930210810381692
984,435,2024-07-18 05:44:32.188,2024-08-25 22:30:07.713,5,2.395564323121837
141,436,2024-08-13 12:30:50.137,2024-04-30 18:55:23.514,3,0.1438628585438966
368,437,2024-07-27 22:37:45.053,2024-10-25 05:56:45.298,5,4.129100506643627
901,438,2024-02-06 04:51:57.226,2024-05-02 14:10:58.315,3,1.044236388173867
897,439,2024-06-14 05:17:40.026,2024-09-18 00:50:12.916,1,3.779926219421678
112,440,2024-01-09 07:34:14.791,2024-09-14 09:51:22.388,3,2.236644413313316
909,441,2024-09-06 23:21:31.405,2024-08-31 05:37:32.332,9,1.024593239316848
26,442,2024-07-09 12:39:40.369,2024-07-27 21:38:46.887,2,2.118945255086292
505,443,2024-10-07 08:00:39.932,2024-03-28 14:36:32.809,6,2.499532733896243
360,444,2024-02-03 02:46:51.598,2024-06-26 10:55:52.263,9,4.561647503686709
476,445,2024-09-04 02:27:23.767,2024-05-11 19:56:38.316,1,2.179972489656331
96,446,2024-10-01 01:10:36.087,2024-04-30 23:00:30.215,7,4.052951919191311
941,447,2024-01-28 23:17:49.420,2024-06-27 19:31:06.593,5,2.125203010530139
823,448,2024-07-21 03:26:39.639,2024-02-28 01:21:45.536,5,1.528530853209827
510,449,2024-07-10 13:06:49.680,2024-02-18 09:58:34.102,4,1.947827161040306
770,450,2024-06-21 14:42:06.678,2024-05-26 00:28:51.839,3,2.949619135088724
916,451,2024-07-25 13:28:01.558,2024-10-22 06:16:58.408,7,1.260974651082286
145,452,2024-04-20 23:55:30.352,2024-03-22 16:08:27.122,9,2.489759922533749
824,453,2024-01-29 08:47:04.495,2024-04-13 23:57:50.900,6,3.256859099186873
657,454,2024-08-14 19:57:50.252,2024-04-30 14:08:22.592,4,4.10095595310781
293,455,2024-01-13 05:14:47.226,2024-01-07 03:22:54.968,1,0.8757178358506345
900,456,2024-02-28 18:23:04.358,2024-06-23 15:58:31.437,2,2.310750629239395
573,457,2024-07-25 08:40:31.860,2024-10-13 02:25:25.352,8,1.144619771002288
777,458,2024-02-12 02:11:50.434,2024-03-11 07:58:56.069,5,0.361088661747497
73,459,2024-10-07 00:49:18.654,2024-05-10 05:08:04.924,9,0.3439654116455172
846,460,2024-09-29 14:15:36.960,2024-02-27 03:29:44.767,3,3.526281103566761
61,461,2024-09-06 10:25:55.779,2024-05-18 10:19:14.064,8,4.087572789408097
962,462,2024-06-25 00:23:25.291,2024-08-09 08:26:03.505,2,2.158851953006764
621,463,2024-02-16 19:08:38.625,2024-04-14 11:07:52.199,7,4.89558643648926
893,464,2024-02-22 18:20:51.010,2024-07-27 14:07:16.052,3,2.119621317089591
380,465,2024-10-21 10:01:21.583,2024-05-29 21:18:03.565,4,1.806676467019839
325,466,2024-05-21 23:22:58.834,2024-10-16 03:12:16.179,8,3.177751053363713
179,467,2024-07-02 15:57:03.697,2024-03-08 02:59:09.697,7,4.648101339515275
371,468,2024-02-23 16:13:11.960,2024-03-22 03:48:25.146,9,2.252043737547241
4,469,2024-02-03 14:14:54.537,2024-09-29 19:28:53.002,1,2.42623434676747
778,470,2024-07-10 19:26:48.446,2024-02-16 23:01:48.055,6,3.639929839675163
709,471,2024-09-02 18:27:48.480,2024-05-18 18:34:14.948,6,1.813819832856248
740,472,2024-09-28 11:55:07.198,2024-08-04 23:24:06.457,4,2.576362805925885
67,473,2024-05-10 06:40:21.877,2024-03-28 08:59:01.695,8,0.7389352840305642
9,474,2024-02-18 15:09:17.220,2024-09-23 12:24:28.972,1,0.2293301626492274
31,475,2024-05-28 00:32:26.804,2024-06-20 17:32:13.770,3,3.587328681484652
953,476,2024-09-15 10:08:29.679,2024-06-07 18:46:50.760,6,3.661724200551039
564,477,2024-07-11 06:52:25.037,2024-06-20 23:16:09.252,2,1.383721691223954
503,478,2024-05-02 00:22:05.950,2024-05-21 13:44:45.439,3,1.997226731282849
60,479,2024-03-23 16:40:18.230,2024-05-02 00:53:48.158,2,3.192211606113347
638,480,2024-02-04 03:20:41.613,2024-06-28 20:58:01.257,4,2.384345057271787
172,481,2024-02-03 19:39:06.832,2024-06-07 00:06:54.979,5,0.7821874153026734
762,482,2024-08-20 23:10:59.919,2024-03-10 22:55:27.462,2,2.899016881267552
348,483,2024-08-31 06:17:12.734,2024-05-29 01:19:15.078,2,1.18450793339592
780,484,2024-03-05 11:21:05.181,2024-06-08 12:44:08.558,7,3.737298794360238
421,485,2024-07-22 00:29:14.174,2024-02-05 09:54:34.858,1,4.298844108968025
237,486,2024-08-16 17:17:59.525,2024-04-06 07:39:20.131,4,3.326191927236346
633,487,2024-07-10 08:59:43.098,2024-06-26 11:29:56.685,3,1.581014102654594
746,488,2024-05-21 03:38:34.234,2024-03-25 16:16:43.743,2,1.250774766027761
687,489,2024-04-10 01:07:04.233,2024-02-25 19:03:44.529,2,4.439849041623119
447,490,2024-03-29 00:01:18.439,2024-01-28 09:30:27.391,2,0.2448841454765053
693,491,2024-10-12 20:50:26.593,2024-04-22 20:04:09.073,9,4.127401480636893
570,492,2024-01-11 03:57:57.127,2024-01-19 16:06:38.461,7,4.180058110706915
641,493,2024-05-10 03:39:39.528,2024-05-27 03:59:13.593,1,2.576423498917756
393,494,2024-01-25 19:19:33.862,2024-01-13 10:06:24.763,6,0.2648093154534561
976,495,2024-08-06 08:02:26.822,2024-04-04 14:19:55.112,1,4.00720701465018
635,496,2024-01-28 12:36:10.962,2024-07-22 11:12:42.485,5,1.182857394932077
40,497,2024-07-20 02:51:07.898,2024-06-15 20:56:17.754,3,1.441581318028013
605,498,2024-01-31 14:50:16.995,2024-07-29 13:22:17.708,8,0.5779906586766314
603,499,2024-07-16 09:56:00.055,2024-06-20 15:20:47.884,3,0.5950672803470212
713,500,2024-06-11 01:48:50.631,2024-08-17 03:09:57.286,8,3.740775452569288
201,501,2024-04-10 04:31:54.166,2024-09-21 08:37:15.326,3,1.455839343833438
887,502,2024-08-18 05:50:20.523,2024-02-10 10:55:46.463,8,4.893663874000376
336,503,2024-08-31 03:05:50.569,2024-05-15 00:58:00.012,7,2.65474015245948
552,504,2024-03-27 04:55:49.943,2024-07-19 04:07:04.674,1,1.701625166750836
201,505,2024-08-23 21:28:00.290,2024-05-31 07:27:08.505,3,1.975910752805225
660,506,2024-03-16 08:05:06.265,2024-05-28 07:33:51.011,1,3.233378522473218
323,507,2024-06-29 17:07:06.533,2024-04-17 17:01:07.109,2,2.123770370183217
547,508,2024-05-19 19:52:16.086,2024-08-02 21:42:41.809,8,4.091425760433967
986,509,2024-08-25 22:33:43.961,2024-09-28 19:13:56.661,2,1.292908291619656
109,510,2024-10-09 23:56:26.778,2024-10-07 14:43:05.875,2,0.1012021609918396
53,511,2024-07-30 07:46:14.873,2024-06-03 17:46:19.887,4,4.875554300373142
68,512,2024-07-31 18:20:45.500,2024-05-21 08:42:55.247,2,0.4954182901626522
833,513,2024-06-03 11:59:05.864,2024-08-21 13:19:48.373,4,2.973874272298005
243,514,2024-02-10 23:50:33.267,2024-01-13 18:57:30.347,6,3.387358215483466
784,515,2024-04-06 20:31:27.668,2024-05-25 03:29:39.367,9,4.582176740560872
626,516,2024-08-25 23:23:52.079,2024-07-03 12:53:08.097,9,2.571749173225969
520,517,2024-10-12 02:14:47.231,2024-01-04 14:06:49.483,2,0.5191984429856413
715,518,2024-05-09 01:33:27.541,2024-10-06 13:46:08.733,7,3.872802575732714
688,519,2024-10-18 08:52:34.816,2024-10-02 07:33:58.353,1,0.3638722081595022
909,520,2024-08-27 07:58:28.649,2024-01-15 20:25:48.252,7,2.869737552127846
454,521,2024-10-23 05:32:22.574,2024-09-27 00:20:41.118,2,2.32418579913262
449,522,2024-06-20 14:47:56.940,2024-09-28 22:51:58.418,8,3.89853391856369
766,523,2024-05-09 14:32:37.584,2024-05-23 04:50:08.145,8,0.4742138216114367
574,524,2024-05-02 12:28:10.174,2024-04-13 14:38:50.717,4,1.004743084598675
820,525,2024-08-26 14:45:48.463,2024-04-28 13:15:36.064,5,1.625774932508204
41,526,2024-10-21 23:53:45.539,2024-02-06 03:07:41.518,5,1.958050615447777
936,527,2024-04-25 13:09:57.727,2024-09-11 07:29:44.160,3,4.814279211176752
164,528,2024-01-29 20:37:38.931,2024-06-23 07:49:51.906,4,1.773103828782696
291,529,2024-04-29 16:10:33.961,2024-04-12 11:53:05.640,2,0.6524435276724894
589,530,2024-04-05 14:52:58.760,2024-05-23 21:51:15.004,3,4.09700117343696
18,531,2024-10-03 10:49:38.627,2024-02-27 19:24:14.571,1,2.267062124928258
155,532,2024-05-01 13:01:45.338,2024-04-28 18:23:53.629,5,1.277417528915902
828,533,2024-01-28 06:46:09.183,2024-05-15 13:24:07.990,7,0.9491194653164238
315,534,2024-05-25 15:40:40.064,2024-03-24 05:01:49.675,7,3.610682536193039
272,535,2024-06-20 16:09:25.439,2024-06-21 09:19:18.582,3,0.4235595805598589
464,536,2024-01-16 02:08:28.819,2024-01-16 06:12:34.325,8,3.92760783366532
11,537,2024-01-03 19:44:05.744,2024-10-06 22:03:28.072,3,4.894631654813231
534,538,2024-07-24 02:20:10.615,2024-05-26 00:59:58.709,5,3.346967996547013
272,539,2024-07-26 21:37:32.958,2024-10-16 12:33:45.419,1,4.217154474629962
234,540,2024-09-18 15:51:13.685,2024-05-27 13:02:32.421,3,0.3919304229663743
504,541,2024-07-05 15:58:14.407,2024-04-06 13:35:58.496,6,0.7082298082783554
690,542,2024-04-17 10:54:05.899,2024-01-11 08:58:13.416,9,1.083090940967289
534,543,2024-02-23 02:17:08.405,2024-05-17 17:21:33.258,3,3.467296352998261
274,544,2024-01-14 09:12:48.716,2024-07-04 12:21:21.651,9,3.874343833093375
780,545,2024-10-08 18:30:01.373,2024-08-01 02:14:47.628,3,2.546384369353584
412,546,2024-01-11 15:10:36.211,2024-02-25 05:05:41.532,4,4.59006425664262
653,547,2024-02-23 07:14:19.777,2024-08-02 05:54:31.779,5,0.2475277589044027
59,548,2024-09-02 08:06:16.179,2024-02-09 20:03:47.335,2,2.312905991489662
302,549,2024-08-15 01:08:56.971,2024-01-15 10:36:42.150,7,1.016573423217564
365,550,2024-08-18 08:21:59.800,2024-07-20 01:55:27.585,1,1.122774523676034
370,551,2024-08-27 05:24:18.070,2024-06-25 17:55:36.959,5,1.815812761880698
761,552,2024-10-11 12:57:24.586,2024-05-15 01:59:05.412,5,0.3829406384607822
303,553,2024-08-08 11:07:36.596,2024-02-27 00:59:26.801,9,0.9232982582898899
166,554,2024-08-12 04:04:00.362,2024-09-30 07:54:44.562,5,2.511868534942656
661,555,2024-09-20 11:33:25.393,2024-06-19 17:50:08.600,3,2.561645130159046
496,556,2024-01-22 01:03:36.063,2024-10-19 10:29:22.253,8,2.27216666103799
62,557,2024-05-13 06:11:08.001,2024-05-20 21:05:11.307,4,3.833493755589754
242,558,2024-05-26 05:52:36.458,2024-07-08 11:16:45.256,7,0.8964306697578147
347,559,2024-08-25 16:42:33.401,2024-03-24 06:21:11.607,6,1.476113985422393
405,560,2024-03-13 08:22:08.230,2024-01-21 13:50:34.042,8,4.971157567168228
195,561,2024-04-15 17:08:14.448,2024-02-09 17:00:08.787,4,3.777137856145864
635,562,2024-08-01 22:02:25.361,2024-09-07 07:48:04.045,6,4.602604430871354
619,563,2024-08-31 07:50:21.287,2024-05-09 13:19:03.598,3,0.2345974313325358
993,564,2024-05-21 02:26:10.788,2024-06-01 23:10:38.315,6,1.508039755601984
665,565,2024-08-24 10:39:01.634,2024-09-18 00:07:09.975,3,4.62240898930527
866,566,2024-03-09 00:37:42.654,2024-06-17 14:03:04.393,6,3.773710082536762
606,567,2024-06-29 09:39:40.570,2024-07-30 03:07:48.495,6,3.366921059079991
753,568,2024-04-15 11:26:46.351,2024-02-18 10:44:44.438,6,2.821043611788142
639,569,2024-06-25 21:07:30.237,2024-07-21 19:09:44.706,2,1.616000447911565
733,570,2024-10-04 17:29:11.850,2024-01-23 07:40:54.962,4,3.64727668780118
933,571,2024-07-11 03:35:55.060,2024-05-10 13:29:43.767,8,3.226530097616559
310,572,2024-03-22 01:22:29.936,2024-10-01 16:04:41.395,6,2.446638385422995
455,573,2024-03-01 11:18:14.743,2024-05-26 23:43:37.664,8,4.844296865081447
333,574,2024-01-12 22:59:27.970,2024-02-26 20:25:01.898,4,4.118452039294239
390,575,2024-07-09 22:55:35.091,2024-08-12 08:57:02.484,9,2.25704346389799
270,576,2024-10-02 13:37:00.648,2024-03-25 11:25:16.240,2,1.31753862641436
872,577,2024-08-15 17:13:19.305,2024-07-25 14:25:10.694,4,3.726191312862212
612,578,2024-04-02 22:56:59.374,2024-09-24 01:47:54.688,9,4.688510539613342
104,579,2024-07-27 22:20:37.754,2024-05-04 07:22:23.895,7,0.2598465640337173
132,580,2024-03-03 15:27:05.819,2024-07-15 15:30:53.005,9,3.329739478178042
268,581,2024-01-25 02:52:26.699,2024-07-25 01:52:20.533,1,3.179957312768715
87,582,2024-09-11 08:34:22.489,2024-04-26 23:04:45.817,4,2.957653855288958
762,583,2024-10-10 15:58:07.824,2024-08-13 14:47:38.007,4,1.064048820375128
464,584,2024-07-03 01:38:54.564,2024-04-20 07:18:49.295,7,4.575449418500586
697,585,2024-03-06 02:39:53.427,2024-07-20 15:39:32.767,9,4.727374161558788
806,586,2024-09-12 06:11:39.167,2024-01-26 01:31:15.718,5,3.269862721646692
399,587,2024-05-17 02:11:42.452,2024-04-16 16:24:55.072,7,0.4025346404285221
402,588,2024-10-03 17:12:55.953,2024-09-22 09:43:45.523,1,4.06463658718397
390,589,2024-10-18 06:08:06.857,2024-06-23 19:05:43.151,2,2.80218464096975
530,590,2024-02-05 09:52:49.948,2024-09-26 15:41:31.958,1,4.537157093283581
226,591,2024-09-20 04:27:01.845,2024-08-22 21:45:39.326,6,3.167007513269223
613,592,2024-08-04 02:37:21.214,2024-02-12 10:47:39.970,6,3.039971156883997
845,593,2024-09-21 22:22:01.047,2024-06-04 15:15:20.535,1,1.24219766474544
350,594,2024-05-24 14:46:43.906,2024-05-25 10:11:37.204,5,2.883392050063343
13,595,2024-01-04 21:41:07.536,2024-06-05 19:59:26.604,5,1.551807018987488
533,596,2024-03-18 18:14:38.023,2024-07-23 13:57:24.000,1,1.833545460564206
976,597,2024-04-25 22:18:51.333,2024-07-18 16:00:02.785,3,2.70458377266282
450,598,2024-06-23 20:46:53.087,2024-04-10 14:07:28.952,3,0.7828480800862797
517,599,2024-03-09 17:02:27.973,2024-08-30 02:08:03.478,3,2.083459470653824
238,600,2024-01-14 09:38:58.701,2024-07-14 16:55:45.591,7,4.25396955507088
747,601,2024-09-20 04:21:57.743,2024-10-01 00:57:03.495,5,2.696411643287883
44,602,2024-05-17 20:13:12.186,2024-09-14 03:39:27.578,1,2.742253335898118
297,603,2024-01-12 19:18:38.397,2024-08-01 09:14:20.428,1,3.926897945105259
215,604,2024-01-15 10:54:52.465,2024-05-26 10:32:54.074,9,3.861820842949106
941,605,2024-06-28 08:27:24.534,2024-05-02 06:21:45.199,6,1.971218213455
62,606,2024-04-24 21:38:44.238,2024-10-09 02:18:59.288,2,1.770562632179653
18,607,2024-09-13 08:48:12.185,2024-09-08 13:43:00.784,4,0.3196576732759042
350,608,2024-08-20 15:59:09.269,2024-07-04 05:49:28.280,4,3.330529404175439
332,609,2024-09-05 23:07:02.319,2024-07-22 12:24:53.589,1,2.28606851326705
773,610,2024-07-05 16:37:16.959,2024-03-28 16:14:53.344,2,3.403285940584332
495,611,2024-06-25 14:57:36.107,2024-03-11 08:54:24.248,8,1.485612781026067
882,612,2024-03-05 16:01:00.943,2024-05-21 05:51:30.863,5,4.357790855091166
139,613,2024-09-30 05:14:36.913,2024-01-23 00:35:19.898,5,2.693266202873365
700,614,2024-04-29 14:59:38.071,2024-08-25 14:37:45.613,4,4.4117430194689
208,615,2024-04-11 09:38:49.814,2024-09-05 13:20:53.254,1,3.080839676579521
215,616,2024-09-18 16:03:59.819,2024-07-15 03:21:02.136,1,3.202851655647343
659,617,2024-04-20 18:15:27.608,2024-09-14 04:01:22.438,7,1.11049736458602
965,618,2024-10-13 17:22:15.951,2024-07-30 07:47:20.603,8,3.179722611300222
251,619,2024-05-11 01:47:24.011,2024-06-02 14:25:41.610,5,0.5303245663533399
125,620,2024-05-18 05:30:28.992,2024-08-20 02:46:58.026,7,0.1607461410485513
968,621,2024-08-15 23:01:37.904,2024-04-29 16:43:23.005,4,4.30994482216102
922,622,2024-03-20 15:30:14.120,2024-05-29 09:26:51.555,8,3.450372149473526
183,623,2024-09-12 04:20:07.435,2024-02-18 00:50:22.403,5,1.155962513075697
900,624,2024-09-12 23:05:22.341,2024-07-05 02:20:24.549,1,3.79204208130087
340,625,2024-08-28 22:23:09.702,2024-07-27 17:11:49.267,7,2.276479562701641
604,626,2024-09-30 07:49:57.313,2024-06-10 19:59:30.369,5,4.189703790533377
929,627,2024-04-09 01:03:41.467,2024-09-27 06:00:07.655,4,4.143593917495219
10,628,2024-05-11 12:11:20.178,2024-06-16 19:51:20.109,6,1.292194021477587
631,629,2024-08-23 13:19:24.550,2024-06-15 20:54:20.953,1,4.499608377035855
41,630,2024-02-01 04:06:40.777,2024-01-20 17:34:38.150,5,2.084571058293815
601,631,2024-05-12 19:02:23.016,2024-06-03 07:55:55.259,9,2.259761578443363
681,632,2024-08-29 23:43:54.503,2024-01-27 06:26:41.058,9,3.379596656316909
135,633,2024-01-17 02:42:32.351,2024-06-24 03:57:40.916,1,2.953770513653067
50,634,2024-10-07 09:22:30.205,2024-08-24 10:57:22.374,9,4.718392727694876
841,635,2024-08-11 10:39:55.839,2024-03-15 01:34:41.753,8,1.230532712310213
655,636,2024-05-27 15:22:45.470,2024-05-09 02:06:57.257,7,1.466409291151169
341,637,2024-03-27 19:52:19.778,2024-04-28 18:57:21.906,4,2.437931809752462
652,638,2024-01-22 00:04:13.365,2024-01-13 12:58:47.253,7,0.9343904143125195
264,639,2024-05-04 13:19:04.707,2024-03-16 21:42:27.413,2,4.703922352350235
198,640,2024-09-01 01:04:23.329,2024-04-12 10:35:46.739,2,2.728561297502313
473,641,2024-07-08 19:35:06.983,2024-08-06 14:27:43.424,6,4.438183190196539
176,642,2024-02-22 09:55:05.834,2024-02-26 08:19:29.222,8,3.125906683511681
86,643,2024-06-23 21:20:31.658,2024-06-29 09:37:46.708,1,3.845772046996796
989,644,2024-09-18 10:39:29.070,2024-09-08 03:41:09.989,3,2.549698127535849
522,645,2024-02-18 19:13:48.309,2024-09-29 09:47:43.152,7,0.4731967525296772
383,646,2024-06-02 14:04:49.783,2024-10-20 18:28:13.530,2,1.018301527239328
797,647,2024-04-26 23:24:18.037,2024-03-01 03:16:47.891,2,0.73334699185937
995,648,2024-06-26 20:14:29.535,2024-01-06 03:23:36.142,9,1.732731321238268
405,649,2024-04-06 04:57:03.232,2024-02-01 02:11:29.025,7,0.6635360028458195
568,650,2024-02-26 10:32:34.187,2024-03-18 09:56:46.170,4,2.57896992440722
872,651,2024-10-01 07:23:20.808,2024-07-02 10:07:34.203,3,1.964430795465816
518,652,2024-09-19 17:38:31.519,2024-10-12 18:38:26.267,7,2.02955150984345
136,653,2024-10-23 14:45:10.390,2024-02-18 23:33:55.803,5,2.281164685766639
747,654,2024-07-25 03:27:26.556,2024-07-06 20:54:04.582,2,0.4052891605967359
768,655,2024-02-02 04:04:08.029,2024-09-07 15:09:02.398,2,1.721640686599081
355,656,2024-05-09 06:34:42.405,2024-10-18 22:11:08.290,5,4.756627266298842
310,657,2024-01-29 06:47:50.161,2024-01-21 20:00:02.481,5,3.422955953287723
107,658,2024-02-23 02:16:14.096,2024-06-11 22:35:40.092,8,4.81287549649721
782,659,2024-08-17 19:49:28.142,2024-07-26 04:11:46.456,7,3.067726568138767
466,660,2024-01-01 02:39:57.663,2024-05-10 19:06:11.445,4,3.671864259520842
388,661,2024-02-06 15:30:31.773,2024-07-13 22:35:03.682,2,1.037494329238885
532,662,2024-08-13 06:19:34.126,2024-06-10 22:36:17.367,7,4.652145159553107
598,663,2024-07-01 14:09:05.984,2024-10-22 10:54:50.483,4,4.432216926971654
694,664,2024-04-14 19:08:56.342,2024-06-08 17:29:40.564,4,2.353327390338816
670,665,2024-07-10 18:52:37.572,2024-07-20 07:47:54.680,1,0.2516817625465634
135,666,2024-03-26 12:54:50.557,2024-01-11 17:39:03.868,6,4.707724687329285
186,667,2024-04-05 04:13:43.090,2024-02-15 18:36:55.598,4,2.528407601373275
829,668,2024-08-10 06:37:10.848,2024-01-21 10:58:08.078,7,1.473949819873638
229,669,2024-03-09 22:26:32.443,2024-07-17 16:57:56.837,3,2.238784799481401
573,670,2024-08-16 21:21:43.027,2024-02-08 08:01:28.423,7,3.409913979490505
851,671,2024-02-17 20:33:12.474,2024-07-23 12:07:03.044,1,3.873532618379896
528,672,2024-08-26 17:57:58.630,2024-01-12 13:01:17.130,8,1.147386628724762
516,673,2024-09-12 22:02:21.617,2024-06-26 18:56:35.849,6,2.537848190802055
741,674,2024-05-04 07:53:33.840,2024-01-31 14:25:20.607,3,1.084089974437871
732,675,2024-09-07 18:34:43.263,2024-09-01 23:26:21.639,5,1.390130139320952
536,676,2024-04-19 20:57:35.973,2024-05-25 11:09:32.035,4,4.822732200002781
675,677,2024-06-18 13:50:34.639,2024-04-09 01:21:16.557,3,0.3251411397866683
703,678,2024-05-18 10:37:01.415,2024-05-15 10:49:01.302,9,1.067267149122532
440,679,2024-06-19 22:58:14.652,2024-04-26 17:46:48.231,4,1.736246243912639
236,680,2024-08-15 14:43:24.122,2024-01-14 00:43:09.309,1,3.421078594484819
611,681,2024-05-17 08:57:58.421,2024-01-30 21:56:28.261,8,2.754919363511086
305,682,2024-03-13 19:03:14.532,2024-05-15 03:14:42.994,3,2.367172189002753
610,683,2024-04-18 13:39:38.993,2024-06-02 10:54:23.403,4,0.4153242424005592
151,684,2024-07-16 23:07:14.681,2024-10-20 16:22:17.993,7,2.17486049318391
751,685,2024-09-16 07:53:12.082,2024-04-30 23:28:25.720,4,3.609312561515491
542,686,2024-09-26 08:11:12.238,2024-04-12 17:07:42.867,9,3.541396189520802
912,687,2024-06-28 18:01:06.351,2024-10-16 16:23:03.169,5,2.959628414191541
207,688,2024-05-08 14:22:28.944,2024-09-05 19:30:13.279,8,0.9177298677442217
331,689,2024-10-14 07:20:42.294,2024-06-15 10:34:34.758,8,0.5538255821373451
160,690,2024-09-17 11:53:40.034,2024-08-11 19:03:35.423,2,4.966534566012951
767,691,2024-07-05 15:16:26.465,2024-09-08 08:11:06.569,1,0.784527796787422
807,692,2024-09-24 06:58:01.979,2024-01-14 08:25:34.550,4,2.453706002317412
743,693,2024-03-04 11:22:22.843,2024-06-21 13:55:11.906,2,0.2538652929908453
68,694,2024-04-26 06:43:34.303,2024-03-30 21:11:55.583,7,1.32217564084806
862,695,2024-10-12 11:39:06.214,2024-03-04 07:08:46.971,8,0.6068297928457871
130,696,2024-07-07 15:37:52.545,2024-10-23 16:49:03.507,9,2.537672133205708
55,697,2024-06-04 16:41:36.732,2024-01-12 20:51:36.019,9,4.65956258914864
867,698,2024-07-04 19:42:43.678,2024-09-22 10:39:35.792,1,2.939942760195871
916,699,2024-05-14 02:41:55.597,2024-01-21 07:17:47.757,6,3.305487085165481
35,700,2024-03-19 03:12:53.342,2024-02-16 12:35:48.597,9,1.755303705600054
973,701,2024-09-04 22:40:14.355,2024-05-06 13:16:00.078,4,1.689263825756236
205,702,2024-10-19 02:52:02.430,2024-07-05 10:02:09.966,1,1.205206153470411
877,703,2024-05-22 00:25:05.639,2024-03-26 16:52:35.560,6,4.578591397736537
528,704,2024-02-11 16:34:40.880,2024-05-26 11:40:54.739,5,2.52855229604254
993,705,2024-05-24 02:20:58.988,2024-09-04 01:53:36.981,4,2.567662478984878
624,706,2024-06-19 04:38:10.267,2024-01-05 04:01:10.925,9,1.21409566071375
60,707,2024-05-04 16:55:34.660,2024-03-18 02:42:48.143,2,4.800027640125442
263,708,2024-10-07 16:55:40.045,2024-04-01 21:22:28.751,5,3.902547987755072
800,709,2024-05-15 15:27:15.168,2024-03-10 07:57:19.104,5,2.827528730981878
405,710,2024-03-31 04:11:31.479,2024-01-17 00:13:34.274,3,2.264517996338812
627,711,2024-01-02 12:24:17.613,2024-08-20 07:18:40.406,7,0.3534756794162495
547,712,2024-10-02 20:16:31.166,2024-04-18 06:20:29.068,7,1.228729008484854
16,713,2024-07-20 04:19:47.260,2024-06-07 19:45:24.170,8,1.632962553796559
656,714,2024-08-31 13:32:22.768,2024-03-13 04:33:28.596,8,1.673833812557678
486,715,2024-05-10 19:04:41.630,2024-03-12 15:01:06.881,5,4.293288340288421
273,716,2024-06-20 10:09:14.156,2024-08-28 15:19:13.033,5,3.716697310534898
479,717,2024-02-13 17:49:02.232,2024-06-23 12:21:32.481,9,0.8684220515572489
40,718,2024-05-27 21:02:03.830,2024-05-30 03:21:52.000,4,0.8357981483355272
152,719,2024-05-02 06:43:03.194,2024-05-03 13:49:04.383,1,3.533340201753741
22,720,2024-07-02 12:56:27.066,2024-07-02 22:50:01.663,6,3.736025905500761
730,721,2024-03-10 17:05:56.056,2024-09-05 01:26:14.123,2,0.4772415242864222
688,722,2024-01-25 04:14:33.679,2024-08-15 18:05:50.235,9,3.257383297040267
338,723,2024-04-15 09:20:46.400,2024-03-28 13:11:45.563,2,3.037481453246019
962,724,2024-01-10 14:31:48.581,2024-08-11 06:16:50.246,8,2.783258021616115
770,725,2024-10-17 19:58:17.762,2024-07-20 15:49:50.849,5,0.2015776089414195
926,726,2024-03-02 05:58:05.033,2024-07-04 04:22:22.169,6,1.331890228931301
900,727,2024-02-29 22:12:29.071,2024-10-07 12:49:01.937,6,0.7319628290507038
543,728,2024-07-12 00:17:27.322,2024-03-27 02:00:14.463,9,4.92755562781229
392,729,2024-06-01 07:28:14.047,2024-06-06 17:53:21.107,8,3.06508102408774
332,730,2024-03-13 01:34:34.082,2024-08-12 06:41:32.558,8,4.28533642050829
339,731,2024-01-05 02:27:43.830,2024-10-06 20:21:40.904,7,1.393036676109392
432,732,2024-07-17 23:26:49.715,2024-03-10 12:45:46.275,3,4.49496718191108
663,733,2024-06-03 14:35:43.694,2024-03-22 05:23:36.505,2,4.550365955338162
691,734,2024-04-29 09:13:35.707,2024-01-31 08:54:06.627,4,0.2636643327039437
978,735,2024-09-02 10:23:38.566,2024-03-10 13:48:58.752,7,0.4364712038696896
391,736,2024-08-20 10:45:59.749,2024-07-28 05:42:30.877,5,0.6179063588793917
183,737,2024-04-20 11:03:35.216,2024-03-06 19:34:04.317,3,2.336527725505313
921,738,2024-06-09 08:04:14.939,2024-08-11 02:45:57.095,2,3.788320587399041
904,739,2024-06-08 18:33:45.708,2024-10-21 13:34:02.765,7,2.221785796858113
461,740,2024-09-09 01:41:02.652,2024-09-18 06:17:11.845,1,4.142243731228079
275,741,2024-05-26 02:57:16.585,2024-07-21 02:36:44.614,6,2.9918334661691
387,742,2024-09-19 16:50:44.591,2024-04-09 21:41:20.034,8,2.614123588578477
790,743,2024-07-30 05:18:42.268,2024-03-19 12:24:59.157,9,4.192450710866612
438,744,2024-10-06 01:12:50.009,2024-06-24 10:32:05.814,6,3.473748612118865
361,745,2024-02-16 10:51:19.405,2024-08-01 05:50:22.672,4,4.967056140359488
436,746,2024-05-21 22:25:59.058,2024-02-06 19:46:57.126,2,4.039763217897794
682,747,2024-02-16 17:14:19.734,2024-03-03 10:44:07.026,6,0.4432832339720622
224,748,2024-10-06 04:04:52.919,2024-10-01 17:06:55.701,2,3.36255579083014
730,749,2024-04-17 17:50:16.469,2024-03-23 21:42:27.189,3,0.1733001414625563
115,750,2024-10-21 09:29:52.235,2024-05-23 04:34:55.842,6,4.887894648084
442,751,2024-05-12 23:47:14.781,2024-03-02 14:35:50.625,7,0.3737404626673339
751,752,2024-07-31 22:25:55.902,2024-04-11 22:13:13.576,1,0.5595416558944496
48,753,2024-06-25 05:31:39.602,2024-06-04 14:54:39.023,1,4.452057534492425
43,754,2024-06-26 02:30:54.227,2024-06-14 10:58:59.318,4,3.067733424902093
836,755,2024-10-12 14:22:37.839,2024-06-15 17:19:51.363,7,1.539435095550983
686,756,2024-01-28 00:31:13.829,2024-10-03 01:52:56.529,6,0.391619447982327
167,757,2024-10-26 07:58:44.798,2024-01-09 13:51:09.477,2,3.998835094633498
527,758,2024-06-04 05:44:25.855,2024-09-08 21:58:59.406,6,2.510817054982267
584,759,2024-05-22 03:40:53.942,2024-05-04 16:31:03.234,6,2.171674949067509
2,760,2024-01-11 15:38:28.936,2024-05-21 13:04:11.266,6,3.11421971733183
577,761,2024-04-07 21:49:13.045,2024-04-10 01:13:40.084,8,1.136700819474357
82,762,2024-09-18 19:33:39.347,2024-01-20 06:28:41.718,3,1.628161694912205
271,763,2024-08-01 22:39:14.324,2024-02-21 15:02:14.737,6,1.368814453600265
683,764,2024-06-12 23:00:18.090,2024-07-21 14:13:28.227,3,0.3729023724419352
830,765,2024-10-02 17:30:15.468,2024-07-23 23:54:58.529,5,0.5533440493114943
897,766,2024-04-14 14:51:11.982,2024-05-23 05:17:44.096,1,1.010137374307434
71,767,2024-02-27 07:17:22.752,2024-06-17 10:46:03.839,8,1.023174073588288
458,768,2024-02-04 16:58:44.277,2024-01-29 23:15:39.849,5,4.323638729812454
440,769,2024-01-10 01:36:40.132,2024-04-27 04:18:30.393,1,1.758600594139317
455,770,2024-06-19 01:24:42.276,2024-10-14 00:55:50.634,7,3.302889937508451
468,771,2024-08-09 07:59:53.063,2024-06-29 04:57:18.400,5,1.436919568236939
645,772,2024-05-10 01:32:06.741,2024-01-04 18:30:18.255,3,3.366069414385351
71,773,2024-01-26 03:21:22.398,2024-09-27 08:41:08.058,6,0.6060073700634377
531,774,2024-10-24 09:58:59.604,2024-03-22 10:31:23.528,5,4.467376940732186
469,775,2024-06-25 22:55:26.622,2024-04-21 17:55:17.630,1,3.098281527314072
179,776,2024-05-04 13:48:24.271,2024-04-06 23:00:01.411,5,3.20570033154559
595,777,2024-06-11 09:26:37.412,2024-09-05 17:37:52.769,3,2.116319762738406
289,778,2024-09-05 08:11:38.927,2024-01-07 04:47:29.719,8,2.329304935464402
954,779,2024-03-01 21:34:30.959,2024-04-25 02:17:43.784,4,2.242041811008719
711,780,2024-04-22 14:06:43.948,2024-07-29 01:37:03.015,3,1.912880915944672
255,781,2024-01-02 16:39:09.998,2024-06-14 22:37:54.857,4,1.109790109159204
999,782,2024-10-25 07:33:21.426,2024-08-29 07:29:41.865,9,3.906650173692458
868,783,2024-02-20 22:16:01.485,2024-10-14 08:39:37.981,9,4.739212635690124
804,784,2024-06-10 12:13:55.245,2024-04-08 01:03:09.935,7,0.3097009419152954
946,785,2024-07-01 09:18:56.648,2024-06-18 23:02:52.986,5,2.584744262680564
251,786,2024-02-23 22:31:20.759,2024-08-10 05:55:35.289,5,3.852646536501742
673,787,2024-10-19 17:41:42.896,2024-06-09 22:33:16.388,4,0.1672207991005798
961,788,2024-01-08 13:24:53.927,2024-09-09 02:11:52.698,3,3.122624591608021
766,789,2024-06-17 12:18:04.966,2024-05-29 23:56:31.870,2,2.781928834767572
655,790,2024-06-30 10:46:13.606,2024-01-07 05:21:10.983,3,3.746226169075694
192,791,2024-09-28 22:55:45.488,2024-09-07 15:30:54.277,6,1.13949384821306
353,792,2024-04-04 22:22:23.786,2024-07-22 13:21:54.787,1,2.953042642879558
472,793,2024-10-16 00:35:19.339,2024-05-04 00:42:11.943,4,1.762953541200066
710,794,2024-09-09 23:57:59.122,2024-09-09 22:00:07.585,3,3.479140846502121
673,795,2024-05-23 12:16:54.788,2024-01-02 09:29:36.173,3,3.150865935319201
968,796,2024-07-16 14:09:21.810,2024-07-21 03:44:21.978,3,2.658068196775467
583,797,2024-04-21 19:10:32.880,2024-10-07 14:01:48.914,2,2.433444399848761
883,798,2024-10-13 14:09:14.814,2024-08-12 13:36:35.478,7,1.183952062659399
648,799,2024-04-15 07:10:33.663,2024-10-14 23:29:24.568,2,1.791103625446191
215,800,2024-05-10 14:46:16.531,2024-02-24 10:58:49.859,4,4.770946118681104
367,801,2024-05-07 05:56:30.866,2024-07-10 19:17:24.706,6,1.427460782365341
763,802,2024-08-22 20:11:52.048,2024-09-30 03:53:01.352,8,4.622910733480722
57,803,2024-01-22 23:12:21.636,2024-01-20 19:48:06.605,4,0.6871893146144227
563,804,2024-04-21 10:27:36.267,2024-04-01 09:32:33.593,1,1.304943791738573
692,805,2024-06-01 21:24:25.046,2024-01-02 05:41:05.189,9,4.431748815542403
77,806,2024-07-25 01:55:10.074,2024-09-28 00:40:13.163,6,4.946935120997884
155,807,2024-10-14 11:21:11.640,2024-06-22 10:39:34.374,4,2.648638752731786
7,808,2024-06-23 05:04:45.191,2024-04-22 16:20:28.002,4,3.584004411099454
972,809,2024-07-12 02:27:31.308,2024-09-19 08:59:30.988,6,1.402172141826983
542,810,2024-05-08 01:09:37.981,2024-07-06 04:38:11.131,6,0.3955782406703483
920,811,2024-04-13 02:32:39.149,2024-10-10 08:42:01.109,7,4.449215339032015
668,812,2024-06-24 12:56:22.980,2024-04-22 04:21:40.196,4,1.624369264064588
348,813,2024-05-19 18:13:40.367,2024-10-14 17:03:50.741,5,0.7940023995350137
213,814,2024-10-12 12:12:54.940,2024-09-19 07:53:12.709,4,2.186308491558766
384,815,2024-06-03 13:10:31.228,2024-10-14 13:29:32.371,6,3.649375908377275
408,816,2024-07-09 03:08:06.451,2024-09-03 09:07:21.561,2,0.552011324673602
865,817,2024-02-22 03:12:31.814,2024-08-02 17:50:50.946,9,0.6754785912740042
801,818,2024-09-12 20:04:43.456,2024-09-10 15:51:45.584,7,2.238740099911998
108,819,2024-03-25 06:52:35.095,2024-09-01 06:29:35.310,7,0.4933813942731298
802,820,2024-07-30 19:13:08.831,2024-05-11 05:12:57.199,7,2.168394943493421
195,821,2024-03-08 19:45:02.667,2024-03-04 20:36:25.113,8,1.811430096444426
302,822,2024-06-24 07:46:16.570,2024-06-08 17:57:21.482,7,3.05224061642495
823,823,2024-08-28 12:08:39.318,2024-07-17 03:09:19.863,7,0.1874400948212062
386,824,2024-06-08 01:35:01.534,2024-09-03 00:40:21.963,1,4.393309512157815
932,825,2024-02-22 02:22:38.828,2024-02-08 23:14:33.246,3,4.716956102095723
879,826,2024-02-14 00:31:29.647,2024-04-23 07:33:48.744,4,2.382011166519858
868,827,2024-01-14 01:29:11.488,2024-01-14 06:15:24.459,8,4.475074776088722
434,828,2024-05-04 18:54:28.046,2024-10-16 14:48:12.248,1,1.498817730494466
639,829,2024-06-26 13:29:19.241,2024-05-24 00:20:18.164,7,1.934138547622203
740,830,2024-01-05 19:58:56.335,2024-07-22 03:00:45.410,9,3.716835816364183
660,831,2024-05-30 03:35:06.497,2024-06-19 13:01:39.630,3,3.804798924221839
952,832,2024-07-01 22:30:49.518,2024-04-04 07:05:04.224,6,1.408374169123064
166,833,2024-07-25 01:59:22.922,2024-05-21 07:07:45.146,2,3.613545645497911
206,834,2024-06-21 09:46:49.937,2024-05-29 21:06:41.801,5,3.28238106591256
775,835,2024-04-16 18:36:42.103,2024-10-08 13:07:35.847,5,4.530902978474838
223,836,2024-08-15 03:42:15.739,2024-05-30 16:15:36.312,5,3.505346634402716
357,837,2024-01-04 21:21:38.449,2024-02-17 13:27:56.043,6,1.966302283300416
407,838,2024-08-03 02:29:33.685,2024-04-28 19:32:00.406,6,0.8665476719613805
884,839,2024-02-25 20:43:45.606,2024-04-14 07:34:59.331,1,4.445463153253336
831,840,2024-07-14 22:41:25.899,2024-04-08 14:23:58.574,9,0.9830002366635674
227,841,2024-09-06 13:29:28.306,2024-05-24 03:20:46.655,9,0.4624695399137115
90,842,2024-01-27 18:43:26.187,2024-08-02 00:30:14.760,3,1.373080845194294
289,843,2024-04-08 18:03:50.750,2024-07-21 17:30:36.996,4,3.969661900395458
424,844,2024-01-28 05:29:09.581,2024-05-31 20:51:47.940,9,4.307699582927437
827,845,2024-01-30 23:24:30.854,2024-09-01 16:34:09.020,2,1.067568273748167
249,846,2024-08-25 02:30:50.001,2024-06-01 23:40:02.739,5,0.3796264392675524
437,847,2024-02-24 07:53:36.371,2024-09-19 21:08:05.115,5,1.798703347384592
365,848,2024-03-04 16:53:10.492,2024-09-05 09:01:40.411,4,0.877920432629046
520,849,2024-05-01 04:20:06.773,2024-06-21 08:58:34.183,7,1.705645815290695
37,850,2024-02-10 02:15:26.789,2024-10-04 15:50:17.237,7,4.771395553495853
639,851,2024-04-07 10:28:39.002,2024-05-22 21:25:59.130,3,1.704963041635644
852,852,2024-08-15 02:03:08.853,2024-04-05 10:39:31.074,5,2.551661583751255
922,853,2024-09-09 09:33:57.894,2024-03-29 14:47:49.537,3,2.219884869633704
613,854,2024-03-18 21:21:40.357,2024-06-09 05:20:52.007,4,2.066703253023776
193,855,2024-08-15 14:44:07.369,2024-05-07 15:26:37.404,9,4.17949334518732
892,856,2024-03-12 19:33:06.093,2024-08-23 15:22:22.895,9,1.196291994221117
802,857,2024-07-12 18:21:47.633,2024-02-20 02:54:20.839,4,4.964687893794035
594,858,2024-03-01 02:50:40.537,2024-05-04 22:06:09.132,8,1.060073015611281
330,859,2024-09-06 15:00:07.123,2024-07-28 14:45:27.875,4,4.007340410718231
869,860,2024-09-05 17:08:43.336,2024-06-24 03:46:59.454,9,0.8638484184772116
245,861,2024-05-27 17:45:30.438,2024-07-12 11:30:34.234,5,3.639950394344976
153,862,2024-08-28 17:59:01.781,2024-05-19 19:49:29.048,6,4.634725063390463
701,863,2024-04-23 21:23:26.986,2024-07-27 04:59:40.676,7,3.386321802168738
170,864,2024-03-05 10:52:43.204,2024-10-25 23:55:35.776,9,1.282286479199348
974,865,2024-01-12 04:32:14.513,2024-01-11 07:57:39.162,5,3.627754599809535
621,866,2024-01-07 14:34:13.988,2024-09-05 09:28:37.474,6,3.281023164721837
749,867,2024-09-12 18:49:52.803,2024-09-29 02:30:01.127,8,0.1308387314590522
699,868,2024-07-21 17:52:25.558,2024-05-15 09:55:09.557,5,0.4747661827464515
652,869,2024-08-03 00:51:54.080,2024-07-02 03:20:44.416,2,3.938611529085223
437,870,2024-09-18 09:55:23.774,2024-03-16 08:57:07.355,9,0.9674290622232518
37,871,2024-05-21 23:55:54.920,2024-04-10 10:50:49.647,4,4.740811144599766
525,872,2024-05-10 12:44:10.289,2024-10-24 16:39:58.171,4,2.81023603320087
765,873,2024-06-10 16:53:05.614,2024-01-18 13:31:12.543,1,2.095215553184119
511,874,2024-06-29 05:29:51.640,2024-07-18 01:51:27.518,6,4.371519944986973
102,875,2024-09-15 12:05:23.054,2024-03-18 08:19:36.207,5,0.4229878013155655
292,876,2024-03-19 17:44:54.276,2024-06-23 20:57:43.617,4,2.52513982430759
675,877,2024-05-04 08:56:22.449,2024-01-29 10:38:58.591,3,1.039275091271599
17,878,2024-04-23 19:45:00.678,2024-01-13 00:11:06.802,5,2.465915129168557
740,879,2024-06-25 18:06:46.851,2024-06-26 04:15:56.664,6,3.085864479919798
788,880,2024-07-20 08:24:03.520,2024-09-21 06:57:04.693,7,2.747875484716211
4,881,2024-05-11 07:14:06.958,2024-02-05 19:03:35.189,4,0.7764919531153792
455,882,2024-10-06 06:27:44.670,2024-07-06 22:22:25.516,8,0.7271081171186854
757,883,2024-04-11 14:23:35.801,2024-08-24 01:32:36.849,3,1.106734291298207
884,884,2024-04-20 17:25:37.771,2024-09-25 23:28:51.168,1,3.345961036952417
489,885,2024-03-27 13:57:47.875,2024-08-27 13:33:42.714,7,0.6864809058461031
763,886,2024-04-24 04:21:56.072,2024-01-26 03:37:18.247,5,2.164804917664114
996,887,2024-04-30 21:24:35.582,2024-08-04 18:35:25.560,5,1.26240214555921
99,888,2024-07-18 08:25:45.875,2024-10-11 01:33:45.594,3,3.616908688221917
828,889,2024-03-19 10:37:30.210,2024-08-15 01:56:45.720,7,1.260408238497786
924,890,2024-08-21 06:54:33.714,2024-02-08 15:12:25.611,9,1.78203620189721
193,891,2024-08-13 03:07:43.897,2024-01-25 04:08:21.458,3,3.705664478950131
861,892,2024-08-18 08:19:02.114,2024-10-09 22:06:28.524,4,2.354542007238215
484,893,2024-04-22 09:42:06.952,2024-09-18 21:31:56.835,4,0.7026567388776059
531,894,2024-04-22 14:44:20.330,2024-05-01 00:05:34.946,1,1.555291192157715
167,895,2024-08-25 07:22:23.546,2024-04-16 07:35:54.940,3,3.567494184372587
911,896,2024-05-24 09:40:12.213,2024-03-17 01:06:45.584,2,3.481044212386387
107,897,2024-01-17 16:04:22.165,2024-03-01 10:28:57.759,3,1.003657339883399
750,898,2024-05-30 06:47:30.698,2024-05-03 01:53:42.702,4,4.073451263564573
619,899,2024-02-12 19:08:15.628,2024-03-30 05:54:17.273,8,3.341276257157248
742,900,2024-06-09 13:45:54.860,2024-09-26 13:39:06.435,2,4.54492844606265
24,901,2024-05-01 16:57:09.514,2024-01-18 05:20:20.924,7,1.586099660197779
103,902,2024-06-17 11:02:12.273,2024-04-29 19:30:12.645,7,3.883521491844285
960,903,2024-03-21 22:53:27.568,2024-01-27 07:14:36.374,3,1.021796008127813
371,904,2024-04-21 08:52:55.609,2024-02-15 18:10:43.012,1,3.767647415701314
478,905,2024-06-23 11:52:49.425,2024-05-21 19:23:35.394,6,4.948281625948747
184,906,2024-08-25 17:03:28.399,2024-07-04 10:25:33.539,6,3.918379932423746
285,907,2024-01-26 10:04:31.676,2024-10-07 17:39:48.155,6,1.469074595527068
824,908,2024-07-22 15:35:48.571,2024-10-20 15:02:07.752,5,4.851790097354982
468,909,2024-10-18 01:40:50.012,2024-04-11 03:31:51.678,8,4.379056908994137
686,910,2024-03-10 21:51:04.620,2024-08-06 07:00:54.885,4,3.956725136685375
646,911,2024-02-12 08:02:54.202,2024-10-15 22:33:45.526,8,1.569967450725667
228,912,2024-05-25 15:38:45.335,2024-04-01 11:48:46.519,2,0.127410241102131
672,913,2024-02-09 03:23:54.559,2024-10-21 09:52:45.281,2,2.922957396890893
461,914,2024-08-03 00:47:43.357,2024-07-26 22:46:38.316,1,1.610451204173397
65,915,2024-04-26 14:03:12.570,2024-07-03 18:19:13.268,9,2.023820428657617
78,916,2024-04-03 01:08:07.579,2024-08-23 20:23:30.330,6,0.5153932057481122
831,917,2024-10-07 02:49:57.942,2024-03-24 06:25:10.364,9,1.199148492070737
965,918,2024-03-22 02:11:02.518,2024-01-13 13:53:41.387,5,1.801148700022378
647,919,2024-09-29 13:07:46.827,2024-05-10 20:25:22.405,5,2.822129938751928
621,920,2024-08-28 03:49:08.174,2024-07-27 18:23:14.504,7,3.905965052639111
836,921,2024-06-28 03:44:26.144,2024-06-25 16:10:00.438,4,4.739670386140915
227,922,2024-02-15 09:14:05.245,2024-07-01 17:46:48.097,3,4.195129588123112
645,923,2024-03-09 18:03:31.245,2024-10-06 22:25:08.782,3,4.746779405309183
524,924,2024-02-12 08:09:05.193,2024-01-16 02:43:44.551,2,0.6832051749924947
342,925,2024-02-22 18:32:23.832,2024-03-30 06:51:27.125,1,1.291882543239573
53,926,2024-09-23 19:42:11.521,2024-02-04 02:30:34.302,8,3.46920567220535
38,927,2024-09-06 22:23:16.891,2024-08-22 02:13:26.645,1,4.293157697013468
383,928,2024-01-22 14:03:13.740,2024-09-07 01:49:57.502,9,3.624661249051125
285,929,2024-03-31 08:38:32.738,2024-06-08 11:48:59.421,7,4.601292483951942
470,930,2024-02-20 22:35:08.334,2024-03-29 19:28:33.607,5,1.206391018892815
682,931,2024-04-26 20:18:44.288,2024-08-27 11:32:57.191,1,4.525056433150966
597,932,2024-06-15 08:47:27.633,2024-04-20 02:59:29.176,8,1.06844597240581
357,933,2024-07-02 10:18:15.299,2024-02-27 07:42:18.393,5,2.502765732185685
558,934,2024-06-11 23:07:55.094,2024-04-16 00:47:35.620,6,1.966519495670805
123,935,2024-10-13 10:36:31.719,2024-04-07 11:40:43.987,5,4.294587319055778
963,936,2024-02-26 12:41:45.598,2024-05-27 21:01:38.168,8,2.190886652124511
38,937,2024-02-07 09:01:13.316,2024-04-28 01:39:30.452,2,4.429667117622357
982,938,2024-04-16 13:27:37.368,2024-10-11 20:15:10.173,8,2.627524641645205
49,939,2024-02-04 23:38:32.804,2024-04-23 17:22:48.464,6,4.251932504166739
130,940,2024-07-31 03:14:15.074,2024-06-05 22:22:22.800,2,2.341433859615036
559,941,2024-08-29 18:11:53.477,2024-08-14 11:16:30.579,8,0.8424338214232321
1000,942,2024-05-21 00:22:13.840,2024-07-13 01:13:40.340,3,1.123452684936903
962,943,2024-03-29 13:18:12.148,2024-10-19 17:06:16.825,8,1.900617322601431
258,944,2024-03-03 03:56:40.772,2024-10-25 13:17:03.541,3,0.6514460666637459
214,945,2024-01-17 03:40:43.489,2024-09-19 21:05:04.677,5,3.393997606366134
332,946,2024-01-14 09:17:16.083,2024-08-27 08:00:01.975,2,2.531693346242569
566,947,2024-06-11 20:00:00.821,2024-02-05 06:36:39.892,6,2.914730417867709
321,948,2024-04-25 03:19:28.385,2024-09-24 00:07:15.219,8,1.194819217934047
177,949,2024-10-09 13:53:37.687,2024-07-24 16:25:59.725,6,2.658237222283396
259,950,2024-03-04 04:47:11.395,2024-09-07 03:38:53.677,8,4.510836442901979
724,951,2024-05-23 19:08:51.806,2024-01-20 04:34:27.223,9,4.403927314100928
584,952,2024-04-11 09:04:41.848,2024-10-20 08:54:33.432,5,4.171629735095428
956,953,2024-06-24 23:05:30.546,2024-07-10 22:08:53.273,9,0.4477132481506128
16,954,2024-10-13 21:13:16.473,2024-02-15 22:51:03.955,7,4.689714846729329
609,955,2024-09-20 19:01:52.149,2024-01-02 12:42:12.118,2,3.210399049100763
212,956,2024-01-09 21:58:03.770,2024-09-27 19:23:04.019,3,0.452989611370017
209,957,2024-04-22 01:31:21.392,2024-06-05 00:39:04.562,5,4.147027273625854
286,958,2024-08-12 09:21:00.926,2024-02-01 00:48:57.688,4,3.554162943277455
592,959,2024-05-16 09:02:46.989,2024-08-09 15:23:59.835,8,1.064998505227562
451,960,2024-09-23 18:21:56.534,2024-06-11 08:10:34.692,6,1.841800463469613
349,961,2024-10-17 05:02:22.670,2024-02-22 02:56:04.009,5,2.292730589188388
793,962,2024-09-30 19:50:06.995,2024-09-30 13:23:35.588,5,1.194853542430114
363,963,2024-01-31 14:21:32.910,2024-05-29 06:21:10.575,1,2.229094057243157
932,964,2024-07-25 12:55:13.533,2024-09-19 02:24:04.746,8,2.02217127751361
887,965,2024-02-19 06:22:33.017,2024-06-25 19:59:17.077,2,1.385651838996517
128,966,2024-10-25 12:51:42.702,2024-06-29 04:35:01.700,6,1.395178932473475
951,967,2024-01-07 11:15:04.615,2024-06-15 04:57:57.572,3,4.511474100773327
615,968,2024-07-02 04:10:53.650,2024-08-03 15:59:23.296,9,2.478047792723727
698,969,2024-09-05 07:02:24.219,2024-05-12 06:11:56.438,2,2.399381222192296
72,970,2024-01-23 10:45:57.283,2024-07-27 07:16:20.253,8,4.18681986719336
454,971,2024-03-25 14:48:32.452,2024-07-21 16:54:45.527,9,3.96875271308197
807,972,2024-04-02 05:23:18.222,2024-01-04 21:17:23.064,4,2.742558540862778
514,973,2024-06-26 01:19:01.076,2024-09-11 04:12:01.879,5,0.6882664728706264
28,974,2024-09-30 18:36:28.869,2024-10-23 01:28:37.516,2,3.791260208442871
231,975,2024-03-11 03:06:38.211,2024-07-12 05:26:16.324,5,1.6828829644342
335,976,2024-06-07 02:08:23.321,2024-03-04 12:11:17.914,4,1.097024207117746
322,977,2024-01-10 03:42:58.107,2024-05-07 17:36:42.214,2,2.939615852512427
946,978,2024-07-26 23:41:12.593,2024-02-16 23:01:05.370,3,4.733510585064947
190,979,2024-10-12 17:15:32.786,2024-03-01 00:25:19.548,6,1.37728305970942
658,980,2024-08-11 08:22:36.132,2024-07-04 13:27:45.364,2,4.833760260301405
204,981,2024-09-29 19:21:18.765,2024-09-12 20:00:08.536,9,0.3480069621626267
141,982,2024-10-10 17:44:10.042,2024-04-22 13:12:11.258,9,0.401206555884695
59,983,2024-03-11 14:11:35.006,2024-03-13 17:13:04.497,5,3.550414967158044
307,984,2024-04-11 12:20:27.394,2024-03-09 13:24:45.924,6,0.1392712749350557
680,985,2024-03-08 00:06:04.542,2024-01-29 13:54:17.391,3,3.062907697857787
638,986,2024-10-02 07:19:12.924,2024-08-14 02:47:22.511,2,2.360165155978792
944,987,2024-01-07 00:16:09.850,2024-07-03 07:07:56.774,9,4.859504770506571
988,988,2024-08-01 06:38:17.096,2024-03-08 09:36:25.506,5,1.266727276649405
269,989,2024-09-09 08:04:44.401,2024-01-03 18:48:44.680,9,4.247161307971518
810,990,2024-04-10 12:25:35.527,2024-09-12 11:33:00.839,6,0.9449998202786323
499,991,2024-07-25 10:41:21.096,2024-05-20 16:18:16.567,6,0.8753825772656174
43,992,2024-08-23 16:20:33.312,2024-09-17 05:20:16.113,7,4.992376566992621
172,993,2024-07-03 11:02:15.660,2024-09-20 12:15:26.470,4,2.370844682004309
906,994,2024-01-09 11:16:19.874,2024-05-20 17:24:16.514,6,0.2732382943446932
670,995,2024-06-10 12:10:50.575,2024-08-25 07:30:41.390,2,3.715585323592533
18,996,2024-09-10 06:25:27.507,2024-06-02 15:38:20.370,6,2.981590514271636
305,997,2024-09-04 20:03:06.984,2024-08-22 15:53:35.780,1,3.239947100705698
383,998,2024-05-01 13:05:55.250,2024-03-19 07:36:14.763,4,4.86079174999215
368,999,2024-04-30 04:27:47.120,2024-03-27 10:37:17.727,5,2.305473289879029
388,1000,2024-04-16 15:49:43.281,2024-10-05 17:36:44.138,6,0.6259067586156372
