campaign_id,user_id,activity_id,ctr,conversion,engagement_time
2001,406,1027,0.0552891150680071,0,3.900522318406506
2002,44,1138,0.0798031734079458,0,0.8826947556373117
2003,878,1021,0.046262251367409225,0,7.478396172358924
2004,782,1969,0.0903469046865163,1,5.644017235482146
2005,33,1691,0.03637951994687934,1,7.975500233957521
2006,238,1642,0.06924691850313343,0,1.7277440943943523
2007,496,1879,0.09469518954645406,0,0.6867902998009646
2008,113,1502,0.057884814917169986,0,5.853529790598833
2009,127,1784,0.09496308837278161,0,0.43470060596904275
2010,618,1219,0.041976649583192166,0,0.6342077328928768
2011,444,1991,0.035721021622968606,1,2.606451754884767
2012,822,1684,0.09908538714799076,1,4.251182059493257
2013,426,1979,0.07491119189430538,0,4.096235585206351
2014,308,1827,0.029773867672030763,0,1.1471894143510488
2015,619,1197,0.004282536058143316,0,0.2469802626330151
2016,537,1435,0.022113056680741906,0,9.274824306283948
2017,222,1044,0.0447643589006262,0,1.808291292937572
2018,619,1243,0.053626537822107245,1,0.4555204234092399
2019,101,1950,0.017564106228379606,0,3.828968631509178
2020,330,1174,0.05325259929241854,0,8.7967155249704
2021,774,1163,0.08117922748337703,0,3.0099017587551735
2022,313,1636,0.09428459609738006,0,0.8284774819236149
2023,714,1833,0.05760494953091477,1,6.187371067661148
2024,796,1940,0.07553528824029022,0,3.103994907538341
2025,837,1731,0.010786705279968334,1,1.640287919403076
2026,278,1127,0.02248401196111698,0,7.535553540534186
2027,974,1927,0.09679530321760266,0,7.207474259141908
2028,53,1927,0.04559494035172245,0,0.12573285608528673
2029,296,1484,0.02920782648006999,0,9.249990058949933
2030,321,1250,0.017159430902042895,1,0.9817210436329769
2031,151,1503,0.001330023516466261,0,5.9237768499653685
2032,728,1652,0.017499389809118537,0,0.8080146362864682
2033,24,1336,0.08126843041338654,0,27.352704478570654
2034,808,1399,0.054376576267393256,0,2.356667681314361
2035,336,1096,0.022976578887662216,0,4.896669163508526
2036,393,1863,0.06319012956823251,0,4.114513488783325
2037,865,1622,0.08843051057654433,0,37.776659684165324
2038,536,1179,0.09340336397520702,0,2.7071300506322276
2039,961,1030,0.042641215276241234,0,4.572550189434876
2040,381,1366,0.020496459894809617,0,2.193483669982956
2041,410,1502,0.05554893262730494,0,0.9230261656087659
2042,778,1226,0.04340046289791907,1,0.85809373769217
2043,415,1778,0.09894337344307677,0,2.6642946771332254
2044,926,1775,0.03171245393849572,1,0.055987612070214014
2045,497,1992,0.03775747438969021,0,5.9454227441025935
2046,44,1257,0.06883879326114875,0,13.45498308217792
2047,400,1682,0.0006234255889853935,0,7.84473850532481
2048,1000,1128,0.05681198801257238,0,7.419939704623769
2049,944,1024,0.05482258021488356,0,1.2549353841586033
2050,149,1587,0.07824945725193938,0,5.0459492493309686
2051,686,1751,0.09424314394002939,0,1.1585366094335707
2052,889,1790,0.04775275774787549,0,1.7382490718369583
2053,457,1859,0.061199212122923334,0,5.905547896543604
2054,72,1921,0.06435851947324144,1,1.8240033302086445
2055,991,1174,0.020631869227554445,1,1.7507365872064253
2056,1000,1159,0.04842260247531588,0,2.8996956922886707
2057,594,1089,0.06622116814213544,0,0.21788518359546785
2058,476,1178,0.09556715295044811,0,5.158396262485903
2059,310,1998,0.0861286309357212,0,1.5752924657651644
2060,138,1298,0.0014189884332484139,1,8.7524860541755
2061,12,1012,0.058648010261198716,0,4.939311227177737
2062,355,1626,0.05258881293692777,0,1.6030352547432902
2063,685,1831,0.07478211211001275,0,4.756153901896393
2064,110,1806,0.08839964780668275,0,3.184724617755786
2065,930,1578,0.06930937389673329,0,4.158893673146579
2066,561,1881,0.038356402572961815,0,2.278595745757463
2067,411,1668,0.09473072102892982,0,0.8298460957928881
2068,821,1728,0.09987613798559215,0,8.996677434563315
2069,482,1310,0.0001562359953803272,0,22.05366486663134
2070,605,1706,0.05769984058275716,1,21.793400525427437
2071,292,1496,0.08657394826483339,0,0.8853504479938374
2072,213,1164,0.05445302500333452,0,29.112121461304376
2073,494,1363,0.09726442749842427,1,3.7920018074671473
2074,950,1020,0.03890271499126703,0,1.489496531394706
2075,182,1764,0.05739698662475534,0,2.6491180158700396
2076,426,1774,0.027434460976007893,0,10.119775304301363
2077,409,1826,0.09509448352328823,1,10.383404029804865
2078,527,1726,0.09662834381421362,0,0.900004217443584
2079,791,1695,0.08104185406452126,0,3.2561377013653963
2080,205,1563,0.06066722140879095,0,9.861367877348975
2081,997,1306,0.055650941290252255,0,1.689792850995607
2082,906,1042,0.06868198997367907,0,0.5224025466623968
2083,283,1169,0.05880016837123125,0,6.791897377507183
2084,586,1324,0.01143089377776385,1,6.536100864759011
2085,977,1031,0.03164700655879297,1,1.974232837417944
2086,977,1730,0.008889434655064522,0,4.921868951468272
2087,84,1931,0.04987515927857819,0,12.94785630359331
2088,259,1260,0.0015906120829492498,0,6.515169410708015
2089,522,1926,0.03092059212682201,1,0.6466725005760278
2090,621,1988,0.009094808170990542,0,2.490201153359649
2091,614,1312,0.0998135380392718,0,2.0307847749579135
2092,941,1576,0.04220249999873085,0,3.783422624047936
2093,334,1675,0.05164898997278348,0,1.7117629071925387
2094,135,1699,0.06422714931367472,0,4.568709247013799
2095,417,1591,0.06526581657867525,0,0.2669458142052501
2096,231,1822,0.021398413550897877,0,8.28028410650471
2097,141,1003,0.055930395798358706,1,2.5128030658407856
2098,191,1754,0.026714219186113254,0,8.013007712328491
2099,246,1672,0.012754405367103306,0,1.29777857034336
2100,585,1168,0.09363419055971725,0,10.933020077122775
2101,356,1387,0.041065632590652615,0,2.1621454749729625
2102,264,1404,0.05674048312868964,0,2.0819222789952816
2103,638,1111,0.05270530783425325,0,0.32331808570472664
2104,575,1929,0.05151034538768304,0,1.756641606322503
2105,106,1360,0.08752704174126466,0,1.9404620999503006
2106,30,1366,0.01794349581924967,0,0.2515366376806364
2107,977,1761,0.045503731379097793,0,4.4183607851578985
2108,406,1446,0.0866834319681167,0,0.495796191780839
2109,441,1397,0.021643111045634145,0,2.5821481543216604
2110,139,1172,0.017945527093856994,0,2.1557389265434552
2111,926,1278,0.007053941043661915,0,3.1608462555771126
2112,638,1897,0.021822975250286116,0,8.831438598604127
2113,478,1524,0.01734911566450297,0,5.046467543372522
2114,999,1672,0.03497232104487702,0,4.180077874931999
2115,587,1863,0.02452924448580196,0,1.2391603097200086
2116,472,1438,0.07846329060832946,0,1.2530081650618639
2117,613,1417,0.08799238639432895,0,1.0475605201874516
2118,16,1506,0.011136684882827631,0,1.2167609869870093
2119,123,1087,0.02484436136325019,0,1.7792242888544
2120,857,1172,0.05806669630134037,0,9.391650352507423
2121,741,1872,0.021233988571972486,0,3.502598841774372
2122,528,1823,0.032395555103087136,0,19.662156231864817
2123,855,1275,0.03475294063846101,0,9.044823513527646
2124,262,1480,0.047049853961652045,1,4.867223827655727
2125,811,1039,0.09959077664535368,0,3.065630832276937
2126,13,1884,0.07734145589176927,1,0.8957101384890029
2127,896,1687,0.0005579238986550106,1,10.435975565000287
2128,285,1637,0.06760941176009289,0,13.410007098660035
2129,109,1764,0.04060564782429327,0,1.0134851807985088
2130,368,1575,0.0683211421443465,0,0.3780828968683705
2131,731,1507,0.055863575595477714,1,1.7819145579376097
2132,285,1442,0.029533688724453222,0,1.0402308908887656
2133,208,1653,0.037067357260585146,0,14.001558956288513
2134,751,1843,0.04061703849772309,0,1.0567952813462385
2135,334,1181,0.03363103829337062,0,0.4567478732502483
2136,776,1414,0.002492305386886629,1,1.799978470266133
2137,356,1410,0.007790621133209408,0,2.7861024422576626
2138,642,1131,0.045126207961261815,0,3.323645140234114
2139,467,1792,0.08256573900495084,0,7.8093685167145885
2140,717,1583,0.003404903153456307,0,2.9618111837734586
2141,412,1078,0.0991219228509342,1,2.285391286308569
2142,690,1647,0.024162495931772877,1,0.8900406060811072
2143,221,1622,0.04963850834115357,0,1.638220237260772
2144,435,1154,0.012071965565400668,1,3.737097623435396
2145,65,1897,0.012615943106232309,0,0.6960268809553717
2146,596,1736,0.09337375959908434,0,7.245920984758051
2147,47,1574,0.08503021651802686,0,0.6156876426313996
2148,103,1721,0.026910270372831637,0,2.462661039772704
2149,76,1472,0.03409163949364779,0,0.6818505182773148
2150,949,1515,0.0884717642188586,0,3.5047613016785433
2151,3,1011,0.019419147838292086,1,7.334387242161772
2152,599,1681,0.045105537835632675,1,7.130630934612821
2153,481,1333,0.04833531334310566,0,4.453478764329527
2154,632,1803,0.05054997092090555,0,3.6382254565425316
2155,36,1941,0.09685313954277822,0,2.9783726567721356
2156,453,1576,0.05900790980710122,0,1.7468014270162775
2157,42,1426,0.060918943027416086,0,0.408805156176698
2158,431,1846,0.09698984555242175,0,2.634011173394992
2159,562,1059,0.08778125688399313,0,3.351125912930804
2160,571,1545,0.04428980436012508,0,4.071694563895494
2161,704,1451,0.057450873259716186,0,5.523266747914031
2162,707,1685,0.06692304001603651,1,5.975456418413415
2163,288,1384,0.09922186859714897,0,24.82173991924096
2164,193,1112,0.09336786336125573,0,1.2586338066252136
2165,562,1048,0.08211419331899433,0,4.224654646788001
2166,633,1129,0.06012385717036361,0,1.2293308626775596
2167,558,1618,0.01974861965168342,1,19.584048644251205
2168,726,1563,0.08928827502428491,0,5.122257846997472
2169,868,1322,0.08331736017271703,0,0.7598910681748648
2170,520,1850,0.017063286781009834,0,1.1491897128985686
2171,749,1858,0.008833120790368775,0,1.928830002853005
2172,277,1698,0.01518186587995568,0,3.1687389392884073
2173,280,1553,0.09999860157080497,1,8.765182491389792
2174,626,1975,0.02869124649984485,0,3.9571756866325556
2175,676,1120,0.040556723532316014,0,11.735469926446395
2176,313,1958,0.01832046605077715,0,0.7547506301413234
2177,572,1025,0.0953373357009951,0,0.09697759438677199
2178,364,1590,0.06142869006676193,0,0.015617609831747644
2179,536,1010,0.0390831146072032,1,4.45889538027582
2180,559,1939,0.08516276234177679,0,5.073507631760008
2181,672,1542,0.028967054490757628,0,0.4404956351048851
2182,219,1383,0.026236299548758515,1,4.68300199612928
2183,440,1138,0.006472842706811622,0,1.303288600266672
2184,356,1400,0.023313829016262035,0,3.85641960165712
2185,424,1223,0.03779319360229613,0,0.3951657086571702
2186,381,1994,0.0969502031850761,1,1.3837130855729711
2187,502,1230,0.040404345966480695,0,7.441801307406076
2188,32,1135,0.03067842424196078,1,7.284694282265171
2189,238,1248,0.03169057556534038,0,5.814124594808173
2190,233,1254,0.056997948198386154,1,2.0567291536605197
2191,318,1678,0.07063844859666356,0,0.1648442763749143
2192,392,1783,0.03044619247616237,0,2.960274890371806
2193,718,1822,0.08726690937356829,1,3.559444580757672
2194,506,1103,0.09004874229200398,0,4.169093838279367
2195,165,1826,0.009894924195649347,0,9.920292265448722
2196,777,1196,0.05501413147027726,0,4.170611875099662
2197,861,1246,0.08165228129314565,0,4.156229080761579
2198,35,1088,0.023200128976639756,0,5.928632402223362
2199,389,1466,0.048085694033377806,0,2.6246466225865204
2200,433,1546,0.013158039368209407,1,7.52717977662461
2201,430,1718,0.036747390189917885,0,0.38136239101517244
2202,291,1466,0.07759670843997211,1,4.782397031794461
2203,191,1180,0.005334170558119489,0,16.275169718676715
2204,266,1097,0.03305388012736517,0,1.986332227597856
2205,318,1579,0.04838940553756709,0,10.941048470867695
2206,305,1681,0.05580833225816548,0,0.6534846850936469
2207,304,1182,0.0005496324412135767,0,3.440584352371419
2208,535,1857,0.020023244386817754,0,17.688252999541643
2209,373,1495,0.06166797504351569,0,7.249546172854899
2210,154,1500,0.04144995064013501,0,0.38478947715815026
2211,216,1874,0.08425938958412832,0,10.769725983667616
2212,34,1402,0.049248429999633886,1,5.4280471036858735
2213,280,1727,0.047252786610448155,1,1.1470655563032037
2214,217,1762,0.048215578219345946,0,12.160554654414248
2215,491,1066,0.010214227864847625,0,6.445531109398063
2216,120,1501,0.036820170358624775,0,12.195163118494898
2217,802,1336,0.08746376429518977,0,2.960002120466643
2218,516,1435,0.05699961513075728,1,4.4423919959658384
2219,932,1752,0.08006148365809346,0,1.0352663389211108
2220,299,1922,0.03408141136283208,0,13.663889655163562
2221,934,1038,0.09650578346524313,0,0.29392337938293983
2222,525,1065,0.025734871981006425,0,3.949216356210201
2223,641,1122,0.05955445822891421,0,13.708566645569364
2224,122,1941,0.09711371504952912,0,6.572284416613324
2225,737,1103,0.09671166872314921,0,3.7908164709113343
2226,422,1390,0.04609347227022986,0,23.455286028952145
2227,154,1753,0.033657375737632465,1,5.701952502260207
2228,147,1905,0.025802690891614733,1,3.52419074650711
2229,927,1436,0.07270893636470019,0,0.6925111990455757
2230,922,1806,0.06948628515838619,0,13.568141089877951
2231,385,1769,0.06945287771142723,0,1.9282128387429864
2232,989,1512,0.024336496976558642,0,0.20913903343939974
2233,164,1308,0.0017815042212087962,0,14.401493822350176
2234,28,1297,0.0686690609783486,0,1.315924836564756
2235,835,1291,0.07491317477462248,0,8.568760304125611
2236,233,1027,0.06250056596142926,1,10.186943556855253
2237,594,1438,0.08692963804857778,1,5.7246734479549435
2238,441,1516,0.02886320014589966,0,2.771518807953079
2239,154,1283,0.0568403012801981,0,5.378360548680598
2240,877,1153,0.012737645928720199,1,7.60860725676157
2241,29,1723,0.042520521107926645,1,3.1072211685322433
2242,892,1691,0.08714781720179679,0,7.539585293660735
2243,400,1247,0.09543787982844983,0,9.851733361835034
2244,650,1462,0.026462995914151945,0,1.7571746744265135
2245,90,1035,0.03633433015095216,1,1.0773139402592475
2246,289,1111,0.014339411152558457,0,4.183502100408496
2247,27,1779,0.043879066982700124,1,1.012556599044063
2248,95,1181,0.08156067464706625,0,11.092175143733542
2249,453,1665,0.06994102075881102,1,1.1634780302493535
2250,475,1480,0.04846794760573023,0,2.3683789018054853
2251,957,1764,0.09443408932144595,0,4.24317850245027
2252,787,1063,0.03684780060036263,0,4.85843970769301
2253,702,1434,0.03475529848624355,0,4.757430865133156
2254,747,1078,0.04464405185818593,0,4.329561178004305
2255,552,1497,0.08448271418421241,1,3.1582762641014512
2256,339,1247,0.0633674451387793,0,3.703443760697234
2257,326,1164,0.06638368643441801,0,1.178920848263827
2258,479,1019,0.011696638978008057,1,2.8514474558609577
2259,970,1057,0.09816297612116698,0,5.360711544668424
2260,364,1902,0.09006383095016947,1,15.993391142699313
2261,281,1870,0.010998040934320885,0,1.0230713255042672
2262,956,1103,0.076979039470248,0,5.787933041898066
2263,919,1458,0.09005122412075911,0,8.216058824624659
2264,158,1476,0.048800381646600444,0,4.921202415703963
2265,75,1803,0.05737855471821804,0,3.071807267957799
2266,949,1247,0.061599700264199135,0,5.080540892203501
2267,959,1095,0.016632037873220883,0,2.6055970701822213
2268,105,1422,0.07060419988820489,0,2.231696880886496
2269,411,1240,0.048862915231509096,0,15.364800172125781
2270,950,1370,0.09206085656365141,0,10.548760669199787
2271,473,1953,0.06612488001626914,0,12.630949831838642
2272,682,1996,0.08846324137648351,0,4.955952218006688
2273,347,1781,0.06832605911765831,0,1.3823596905100692
2274,886,1346,0.007259808102189125,0,0.04107141207274383
2275,380,1806,0.09812337553313388,0,1.66374566199891
2276,844,1321,0.07604816143897414,0,4.394456560865707
2277,145,1155,0.07776168948870621,0,0.6136280014506987
2278,657,1012,0.006022032322694493,0,3.807797782043779
2279,766,1602,0.04289481629616213,0,1.6706207354248077
2280,967,1835,0.03739521606311813,0,0.8540666348803344
2281,42,1258,0.020290785096505438,0,1.863053019973389
2282,774,1027,0.03472839321007123,1,2.550639874037066
2283,480,1165,0.05981963214004184,0,3.6214784892971204
2284,389,1685,0.025569437065532385,0,2.0226291464560724
2285,46,1670,0.05264586296180282,0,6.831672597364586
2286,440,1861,0.030766261666595365,0,3.914500575868712
2287,814,1772,0.0207629750194709,0,11.36459959833859
2288,346,1836,0.030154839810326385,0,2.1730718670371285
2289,201,1558,0.01457512242841651,0,6.809013473866724
2290,459,1730,0.05734496156480361,0,11.160364876321566
2291,315,1391,0.027265966480080818,0,0.4741649871623681
2292,182,1187,0.0006528400000189172,1,15.459675425196963
2293,481,1444,0.0909774826057233,0,0.280475793722438
2294,921,1951,0.035666038038433205,0,5.558273178778057
2295,244,1359,0.031472504002758694,1,4.819655391257651
2296,35,1847,0.06792097291167638,1,2.078843218438531
2297,592,1182,0.07363864169316095,1,3.7035830362443836
2298,451,1069,0.0742370859399646,0,1.4002321378543667
2299,739,1218,0.0007364054350111782,0,2.0136831259658763
2300,509,1418,0.09223096083461396,0,5.233997025925139
2301,497,1350,0.003443941297828146,0,0.27222563051486415
2302,703,1079,0.06042514663108331,0,6.148631599071055
2303,691,1515,0.0585915786790427,0,0.14056866039791419
2304,486,1765,0.0064094077522606875,0,5.002262306742193
2305,106,1840,0.08449884955714612,0,0.9428343127897061
2306,808,1722,0.0339363333035007,0,1.7508740469211528
2307,483,1939,0.0016534358710324493,1,0.8684011974984084
2308,753,1046,0.023554686261070348,0,2.698704399683935
2309,809,1532,0.0799045520614105,0,4.863092135031782
2310,720,1982,0.010610913878626171,0,0.8244876398520274
2311,129,1178,0.017122548653527272,0,0.24728993555043835
2312,169,1435,0.055663083848219,0,2.554208412228127
2313,25,1551,0.021187037384753873,0,0.2650317671760717
2314,712,1036,0.03122372616537743,1,3.847913845345113
2315,319,1808,0.008659700160522288,0,0.006255090788879412
2316,310,1877,0.06610206986489948,0,13.9889255404052
2317,28,1727,0.0908289613660991,0,4.532856075604695
2318,393,1764,0.023027101418606224,0,1.5261652895812625
2319,355,1980,0.0529952474072576,0,0.021672251393720775
2320,700,1047,0.049833065178469776,0,2.629068336445245
2321,301,1675,0.015060403018698088,0,0.9717065314777708
2322,951,1038,0.09294465961788428,0,3.3599648416600574
2323,576,1908,0.01496781603751498,0,1.9439244898678831
2324,310,1036,0.08932902623517416,0,8.842574629432097
2325,913,1042,0.022974349553129093,0,0.14065835180767877
2326,616,1195,0.08424415013437558,0,4.253808253614116
2327,895,1179,0.06646331515365526,0,3.0388468437528515
2328,195,1358,0.015463505706099535,0,11.813322298124119
2329,345,1869,0.08921091276298382,0,0.07767459101314261
2330,549,1619,0.05386212325151582,0,28.530756606239457
2331,242,1745,0.08143017871628043,0,4.114560501260126
2332,61,1345,0.062069703464925574,0,6.492803609379022
2333,714,1262,0.026790085524662888,0,0.4917144272827567
2334,841,1125,0.09642217048531168,0,15.022287639983238
2335,34,1692,0.03461141032588757,0,8.395331089398589
2336,154,1115,0.01747530800613577,0,5.200387260029082
2337,830,1106,0.07122570629031014,1,2.2879300826198494
2338,164,1341,0.028825871559478078,1,5.043028932803156
2339,372,1316,0.07907442924277308,0,4.385343777516648
2340,845,1640,0.06860097461499817,0,5.062838640600304
2341,51,1327,0.04132213818309052,0,8.567818577128914
2342,907,1822,0.027994583078267278,1,7.884761466720905
2343,864,1151,0.01525504775518004,1,1.697331777547827
2344,480,1403,0.07745383189477996,1,2.104675728453709
2345,399,1373,0.03954027960148343,0,2.4508916926216173
2346,751,1021,0.012553097078962228,0,2.832146434004002
2347,242,1073,0.024250418944657404,0,5.81394408246153
2348,327,1141,0.07771938634776099,0,0.17694997020105557
2349,748,1223,0.051058031399683325,0,15.200684940301475
2350,525,1370,0.09619103786070299,0,1.4657106962917963
2351,129,1474,0.08032306374054005,1,0.8724552296913739
2352,771,1550,0.062221951146919696,0,2.6512976235461476
2353,613,1913,0.05933950067782104,1,3.6284273323466314
2354,37,1505,0.08130825475993828,0,12.800314407901174
2355,260,1030,0.028359639365002656,0,9.7452487789344
2356,188,1179,0.08862549648881424,0,5.591010257137245
2357,672,1815,0.046819315667362915,0,8.924183746016375
2358,123,1886,0.005289121174097722,0,8.32276014599881
2359,608,1341,0.03949123744961101,1,0.09744921000830903
2360,375,1703,0.009546277015507587,0,0.9966366762380054
2361,324,1193,0.01958600067910873,1,0.33746750671408093
2362,6,1038,0.005236867313438587,0,8.253254894842684
2363,190,1971,0.006612819782233293,0,0.23567305064496444
2364,608,1114,0.05284017591094242,0,4.630882667293894
2365,530,1462,0.07965313171728823,0,6.972045507586247
2366,353,1089,0.04496739484409799,0,8.043334481532833
2367,689,1504,0.004461674318521081,1,0.5857295996932492
2368,889,1930,0.07894414138196465,0,5.7279772190991975
2369,408,1924,0.09861523591289502,1,3.4410064981750916
2370,48,1040,0.0987098534511919,1,0.8020845962778562
2371,624,1880,0.039677062465003216,0,0.3902547037732141
2372,96,1605,0.03928885225046822,0,7.1776917383468986
2373,837,1889,0.07043706871552512,0,0.1949348242865255
2374,33,1644,0.016565540510039178,1,0.8723503141714264
2375,720,1794,0.09052729697682155,0,4.006471325700694
2376,738,1173,0.04835464542589092,0,2.8931058168509907
2377,833,1151,0.017065749017585573,0,0.49302302840743933
2378,154,1231,0.05808553643958772,0,8.524514669341073
2379,371,1243,0.06700739531133164,0,0.13682885475539464
2380,460,1913,0.07753494259939105,0,3.2877530210870933
2381,372,1282,0.07029074131559267,0,5.085910580519213
2382,558,1577,0.07503807413410343,0,0.31742904746559586
2383,492,1110,0.08917794658808885,1,2.2001353930455916
2384,306,1677,0.09668502036646856,0,0.16756721190517962
2385,360,1499,0.060980671788765976,0,21.226044600948917
2386,575,1653,0.004910309921318479,0,5.379748932519792
2387,873,1565,0.07927621844236046,1,14.714167968158813
2388,399,1985,0.016587804899831717,0,0.3549592769540746
2389,515,1530,0.0604471512402052,0,10.537063209742621
2390,670,1223,0.047662674539826144,0,2.8946467660981585
2391,381,1821,0.08164617713109902,0,8.340339745493612
2392,33,1987,0.018268882332499892,0,6.23401719894463
2393,501,1642,0.07023095864815113,0,2.8661353387444772
2394,184,1442,0.0041017256474259805,0,2.2549812774093665
2395,471,1694,0.0023591663317214517,0,10.994331233507886
2396,931,1595,0.08123739257605062,0,3.3971386411826634
2397,675,1569,0.061999621461165215,1,1.3663551788228399
2398,437,1722,0.04629196350796261,0,1.955957760832236
2399,657,1484,0.04355145581228553,0,8.92776637526709
2400,237,1211,0.01387418713468962,0,2.9207586031708637
2401,603,1928,0.0439573962518842,0,4.281761331904473
2402,127,1598,0.006060556996697508,0,5.485493225418782
2403,758,1614,0.04206388369647412,0,0.0474572485922521
2404,514,1237,0.07036397032876307,0,6.857298744863388
2405,955,1236,0.04205077944208194,0,6.170627457332216
2406,772,1955,0.07788671372016608,0,0.8699298375782115
2407,333,1071,0.06874743909924584,0,1.7560334566618063
2408,387,1864,0.006680977565163804,0,1.303147282693802
2409,334,1446,0.07872480644015972,0,9.924569499022061
2410,901,1012,0.07739718807195306,0,12.983647357042532
2411,671,1279,0.001844163644837793,0,8.63199078827838
2412,698,1304,0.018139154035309756,0,4.868141663985667
2413,282,1801,0.07356941400561581,0,1.1845680283062041
2414,711,1956,0.06545637201018366,0,4.050426810112325
2415,406,1719,0.0657883210543022,0,10.525116052780326
2416,511,1716,0.01945781072426457,0,1.109261602131856
2417,932,1724,0.09026900959449802,1,6.782727544632113
2418,870,1715,0.0706131567638807,0,0.7157244213884134
2419,600,1242,0.05525043436428384,0,5.143834966762787
2420,817,1719,0.027055918163924855,0,3.3537598755340174
2421,52,1571,0.060103013376298656,0,1.4899628781020138
2422,705,1353,0.08729665772161159,0,0.4048543038941935
2423,962,1626,0.03380158783823998,1,22.052280240980444
2424,192,1362,0.06667758486622812,0,2.2103077308662384
2425,623,1694,0.0722847163373365,0,0.16978942013112586
2426,473,1351,0.09749224454783167,0,0.12401549588939562
2427,449,1329,0.0456986446300259,0,3.9213757650842385
2428,37,1249,0.03199612392207535,0,0.5666220201625431
2429,289,1503,0.04184975286092323,0,0.7673411440798936
2430,139,1119,0.006044753979040751,0,3.035340137003173
2431,473,1812,0.01860443110059008,0,4.267931545327042
2432,821,1787,0.08692173968601391,0,2.363276098450651
2433,435,1717,0.0775305837804902,0,1.0236268689639263
2434,5,1572,0.047422224526821925,0,0.11312577614096432
2435,176,1489,0.030995529735182093,0,5.640294152102353
2436,125,1952,0.09243522300096622,0,23.313237685486037
2437,214,1776,0.048169570184262045,0,17.542012963409267
2438,184,1137,0.08751700899985498,0,0.9818643666745381
2439,951,1183,0.0206313876423872,0,0.7164269160997323
2440,716,1640,0.04425832571547535,0,0.6353103283902726
2441,634,1877,0.011381644357827125,0,3.279036198714481
2442,113,1730,0.08640371498363104,0,3.193478151600233
2443,280,1281,0.06807834644032962,1,1.4110612051804852
2444,900,1033,0.060078001640127915,0,3.8246918518766195
2445,704,1030,0.013513915537905763,0,10.547553717831919
2446,961,1555,0.02001391592378056,0,2.896142641752159
2447,114,1351,0.023243995817293528,0,0.5857753477306917
2448,192,1529,0.02997897303249003,0,5.460669204858856
2449,523,1575,0.052825044860729434,1,2.155837857688439
2450,433,1744,0.06351333504721277,0,3.482035493159028
2451,942,1096,0.07872937931532006,0,0.1636836857221421
2452,588,1810,0.06908779097557859,0,3.032075671684769
2453,616,1162,0.041609151467848604,1,1.9500250043379341
2454,824,1476,0.08987129728724648,0,2.3965151784666223
2455,477,1103,0.08723896537274232,0,0.6709393313168632
2456,367,1934,0.01854066439345319,0,8.508565564328253
2457,76,1907,0.03284361991388365,0,2.0838969873792785
2458,533,1317,0.050500656625704236,0,25.333003311580505
2459,694,1873,0.06363584926119224,0,9.678789642012532
2460,250,1623,0.05449118106228173,0,1.3311240239683497
2461,490,1906,0.08868353176986021,1,5.470094166667363
2462,183,1247,0.07256360417596616,0,0.22719985237716206
2463,235,1688,0.0342667578486772,0,12.615276076862044
2464,200,1182,0.04344586382613097,0,4.923242401547814
2465,279,1289,0.0035938754169674183,0,10.299642315778696
2466,232,1157,0.09956938918267011,0,3.176768869955209
2467,586,1134,0.08631736951441385,1,3.2801732819558933
2468,955,1754,0.0982578991142551,1,4.589764240020934
2469,451,1691,0.05496322097664409,0,0.2587783482925486
2470,858,1031,0.004345802611511196,1,2.697480466662276
2471,302,1211,0.09814470967772497,0,0.549806903703693
2472,656,1504,0.026636543982645713,1,1.0052282123024359
2473,139,1077,0.020250976946166135,1,1.9076426172379957
2474,776,1039,0.0893990463868726,0,1.890827866071862
2475,53,1151,0.04813075509508059,1,7.312266821121708
2476,495,1374,0.04303758477826114,0,3.3034443057162988
2477,667,1145,0.017872722182270363,0,3.7783132755532582
2478,662,1176,0.04118184836019798,0,13.949065598668845
2479,139,1405,0.027396882073974994,0,8.094973552103575
2480,482,1003,0.004543387087179241,0,10.391995669357659
2481,76,1830,0.030950307435117133,0,1.0742022514261227
2482,200,1307,0.013493359151776652,0,1.8277995269001448
2483,991,1008,0.08081781661566995,1,9.973790925186472
2484,233,1298,0.037440585218592774,0,1.8361396592686492
2485,957,1786,0.05711967939902288,1,1.9758555721388051
2486,892,1449,0.02350673293478908,0,1.5290940852949815
2487,714,1376,0.046001772323765136,0,11.992422384519266
2488,96,1053,0.0991044023615429,1,8.935045524213646
2489,878,1851,0.005939089791638142,0,0.7941290316737369
2490,21,1186,0.05860269193260279,1,4.5054589880473985
2491,991,1963,0.016982452091566326,0,1.4979113103362396
2492,431,1117,0.08243467201708135,0,4.083543545586829
2493,60,1332,0.05925063461682531,0,14.149109306045045
2494,804,1634,0.041773276478584975,0,5.844748801517855
2495,807,1184,0.03233893107319593,1,1.0952672843957798
2496,768,1224,0.028759047023801478,0,7.490782187336382
2497,113,1399,0.0415729994391469,0,0.8811577595663954
2498,679,1855,0.00813498912640107,0,1.6517894686119894
2499,254,1204,0.0620748645025098,1,3.2659290291050618
2500,290,1253,0.02363560660252491,0,1.8905286777461687
2501,27,1474,0.06109559618892052,0,2.9425839337954636
2502,560,1526,0.0642893747329874,0,3.851666682327089
2503,102,1604,0.020006580086685367,0,1.330113530619407
2504,679,1390,0.04485933028684173,0,1.1088954185110693
2505,617,1531,0.010692499920040944,0,3.187900552116663
2506,791,1683,0.0331797570386817,0,4.214818038284251
2507,546,1233,0.03244972021934635,0,2.777673013472895
2508,652,1878,0.08753774898956057,1,2.4165318503330075
2509,188,1538,8.151547892605305e-05,0,12.980601518251163
2510,812,1157,0.019392779261381145,0,1.1341946906528342
2511,341,1603,0.03949448944760479,0,1.027275290661163
2512,641,1773,0.058410364198508695,0,1.8540454156280848
2513,224,1326,0.013744032176347,0,3.3933055148635587
2514,302,1172,0.040080958116560275,0,4.323303367356341
2515,657,1203,0.078946478732275,0,2.7945499312121544
2516,858,1142,0.030634913110364915,0,4.646443080638368
2517,880,1648,0.09946081894234444,1,1.8687955844211825
2518,540,1338,0.03702361444163578,0,0.5768379105201557
2519,643,1121,0.013654272139033441,0,13.330243201047052
2520,57,1639,0.023828357689362922,0,0.6678223068353982
2521,569,1015,0.0708233334026384,0,11.324760321875694
2522,146,1350,0.05731490339107979,0,9.367305846392487
2523,920,1551,0.07429187932593133,0,2.6009739606790623
2524,360,1944,0.06887147440320761,0,3.7851495556609276
2525,529,1007,0.052700892403351345,0,1.4935130252571047
2526,430,1923,0.09621953006290185,0,3.2239115655612878
2527,399,1540,0.028586114946588914,1,4.034298815052811
2528,291,1951,0.054171734382050765,0,1.2022635475096157
2529,904,1041,0.06924160937440317,0,11.165802920772709
2530,331,1554,0.06305216494483085,1,0.31378325146912356
2531,449,1161,0.013717667122643985,0,19.72444437120698
2532,279,1653,0.07712844643152683,1,0.5628254739395685
2533,689,1311,0.04741838324432651,0,19.24329194898778
2534,956,1102,0.08218140897232802,0,6.922454096743501
2535,615,1839,0.07627189157893816,0,2.2553478425258193
2536,886,1899,0.05619429222983424,0,10.364860627231064
2537,347,1035,0.0321397251695409,0,5.583858225095126
2538,729,1788,0.013150857208426625,1,7.569681958143693
2539,391,1437,0.08097928403696918,0,14.51415225682653
2540,781,1311,0.09439671254365156,0,1.3645270312891982
2541,52,1283,0.04652851232064628,0,4.182620237927491
2542,449,1091,0.009954949118839262,0,2.9553263772608327
2543,509,1656,0.07003760977686772,0,4.000650573205789
2544,545,1499,0.02703086728184602,0,0.4757178782694077
2545,3,1874,0.056681596202791076,1,12.806826839574423
2546,453,1736,0.06310894664027246,0,1.6137148306013103
2547,771,1590,0.04769084914327744,0,0.3211681364483366
2548,408,1649,0.06734109989618889,0,27.546222973401488
2549,273,1894,0.09286183076521673,0,1.0484384348469717
2550,752,1336,0.09410945036998747,0,0.8529546660746463
2551,333,1462,0.012885755708339676,0,0.08466588277928377
2552,918,1441,0.07262881085636035,0,4.432982822356635
2553,47,1512,0.013443876866240989,0,1.239633843149425
2554,389,1105,0.02182969751976054,0,1.0284942634259315
2555,927,1532,0.03211385343610539,0,1.0816913780986048
2556,799,1025,0.017876507186893598,1,16.01676835091866
2557,360,1985,0.071536489229562,0,5.26361647848943
2558,667,1700,0.03359527509007162,0,0.7730431146205013
2559,773,1751,0.011985431669330937,1,3.4460260230209956
2560,302,1245,0.07461281080703042,0,0.22139698800755445
2561,317,1203,0.041295490234513635,0,4.012722523330311
2562,815,1489,0.07366706739794399,0,1.697509430499316
2563,691,1933,0.044238371734965413,0,10.486722268646016
2564,611,1443,0.002018395869378065,0,0.7296878739582179
2565,241,1353,0.04153729922690052,1,0.026801069764117398
2566,474,1417,0.06223647430557588,0,11.43883705913057
2567,177,1289,0.0782642207426829,1,5.698927501660831
2568,602,1262,0.09647732219711541,0,1.9218597704587865
2569,247,1223,0.08817583476410833,1,13.301565481370872
2570,147,1531,0.006764595379325999,0,6.591768065946696
2571,747,1817,0.07946068612777674,1,0.34341209823638774
2572,530,1883,0.0497817835581654,0,2.4744328354926877
2573,486,1991,0.06477111308113544,0,10.330985044063096
2574,804,1617,0.0769203562248685,0,18.104139581293083
2575,262,1557,0.06266113144024943,1,1.2518539339478838
2576,348,1276,0.024155067029052915,0,8.7410309371408
2577,600,1207,0.05411165131118867,0,5.606470080498589
2578,353,1032,0.06325790345881142,0,6.188074798983079
2579,184,1290,0.07364722314012312,0,12.53000136274618
2580,669,1462,0.016163722600698205,0,19.3363136054461
2581,209,1516,0.02486854309477045,0,6.492769718936675
2582,432,1985,0.05961609299998767,0,11.537647335470268
2583,817,1928,0.07244922555808019,0,6.368898062702013
2584,336,1360,0.05115949522122151,0,1.3322375016006442
2585,918,1089,0.015980844569594855,1,1.1222333725077602
2586,684,1913,0.03741119185381544,1,9.334976763529495
2587,115,1492,0.048036392438470576,0,0.5954091832027013
2588,731,1524,0.06527165517624711,0,2.194829207630774
2589,923,1113,0.08143205070392334,0,7.8378527581046225
2590,724,2000,0.07848974829894637,0,0.1347690677177143
2591,826,1207,0.09485895918486191,1,3.1246875533766243
2592,566,1818,0.03735548157254636,0,8.149340995456294
2593,996,1350,0.0473863391302667,0,2.8464919454621755
2594,375,1749,0.09263169241777276,0,1.9406218643747988
2595,809,1978,0.09396973467105407,0,0.8980644234537267
2596,802,1405,0.02411388028000734,0,3.6864605411041955
2597,695,1778,0.045759043839346994,0,3.514696042249371
2598,75,1851,0.024772992499862746,0,0.6945738810903719
2599,523,1207,0.05987803081752616,1,9.506303474829675
2600,657,1528,0.003977695474114396,0,10.500740593316744
2601,593,1545,0.007223992248668887,0,2.9840066280258988
2602,921,1249,0.05444720363666519,0,7.124194162675699
2603,114,1693,0.07679276464898496,0,5.414445737348508
2604,917,1807,0.033764047849068037,0,1.364181526374486
2605,279,1467,0.03420685459218186,0,5.233626411390563
2606,621,1644,0.06261505174320349,0,2.4861964043642804
2607,325,1779,0.02965395875195677,0,1.056256620469118
2608,549,1167,0.0762332594379505,0,5.429935519613414
2609,565,1149,0.045001613455349025,0,5.526097122650418
2610,47,1188,0.014859846422689282,0,5.1426868846990565
2611,628,1677,0.09252577768834645,1,3.151181218540699
2612,65,1331,0.06012234304537792,0,2.974179812899913
2613,704,1379,0.041010271972160645,0,1.8847898542609574
2614,163,1008,0.0420373053713225,0,0.19145038412978366
2615,151,1202,0.07032033324486979,0,3.1336228641979074
2616,750,1901,0.02998767912632888,0,1.6162869414210963
2617,536,1922,0.00796845573078846,0,8.768377130911068
2618,638,1552,0.008301940137947173,0,5.504578058926487
2619,293,1461,0.014393835680206258,0,1.1134961793913003
2620,773,1359,0.04762445148458971,1,4.5854890610532015
2621,337,1178,0.0638850933485287,0,6.838634663449611
2622,69,1212,0.02652148448132943,0,0.7937937464822397
2623,193,1846,0.08547407535081519,1,3.9144266815773143
2624,952,1095,0.06136142674582116,0,14.49709502281177
2625,316,1841,0.060487298453808507,0,1.3461726369401126
2626,677,1737,0.010856598966112341,0,0.3927900391447952
2627,272,1812,0.09563760000807438,0,10.09838637166147
2628,230,1896,0.02904897060500357,0,10.625352534704737
2629,209,1052,0.08151055276553466,0,12.142843240773232
2630,310,1097,0.03360273127213973,1,8.295832144557076
2631,91,1003,0.088006827254547,0,2.021226808518963
2632,742,1035,0.07734539839257443,0,6.79797885232734
2633,900,1302,0.06273414249801915,1,4.471076072519925
2634,754,1934,0.05330543681818387,1,0.16159686474427645
2635,985,1330,0.045850877879017496,0,2.904947174186768
2636,136,1158,0.005077804074610815,0,5.159331094401365
2637,412,1818,0.0786593470596402,0,0.8802298768109686
2638,919,1593,0.05018964814075749,0,0.9107490333426433
2639,507,1427,0.07788328039269253,0,3.6325403601124453
2640,282,1637,0.011741140758095748,0,3.9451434735720428
2641,411,1253,0.02595929912758395,0,11.59468418023252
2642,21,1336,0.002930218633342807,0,2.2824309203761812
2643,143,1718,0.08345995789826009,1,0.04727256682030303
2644,885,1285,0.06522489527617437,0,7.273823531387152
2645,402,1320,0.04040793355092705,0,4.1536264851295845
2646,121,1013,0.06979493568013781,0,0.5482713920179187
2647,717,1463,0.007864341431881161,0,2.8139170445193127
2648,916,1814,0.07012143732908961,0,0.5328936485724236
2649,441,1901,0.05789786332411381,1,3.649985864446327
2650,466,1502,0.07097243775551304,0,2.064310284203698
2651,330,1122,0.05346885871013495,0,11.617385837834654
2652,956,1560,0.05425601233531738,0,6.574196381236015
2653,924,1925,0.05003037684239994,0,2.1334948949767227
2654,268,1096,0.04666513216826086,1,1.9097759950535063
2655,104,1688,0.021184119064268748,1,4.119640789981227
2656,986,1592,0.02314626356912687,0,8.856292760565118
2657,870,1490,0.07524685504928867,0,8.680455310740399
2658,614,1228,0.06097757074266735,0,7.282383739367403
2659,724,1426,0.09905142464151535,0,0.44757910666749556
2660,785,1785,0.09631289373634497,1,0.8217661532813898
2661,887,1379,0.020120418276109577,1,9.567686924573888
2662,190,1571,0.029698437201777086,0,2.40004204592911
2663,898,1472,0.00157707402261571,0,5.951155960525738
2664,388,1837,0.021160611335732618,0,10.551278201906111
2665,748,1065,0.024618880182997772,0,27.58698467686253
2666,100,1435,0.07110085501107254,1,10.15763728080605
2667,507,1502,0.009300555727287763,0,5.6548162313189625
2668,817,1545,0.005995865505075849,0,2.460864366360156
2669,188,1769,0.015117899688979142,1,0.3432152707657956
2670,747,1907,0.04714142106556386,0,2.9208412230915655
2671,49,1534,0.06808503496459102,1,9.163045941059284
2672,545,1344,0.09061376435447092,1,9.295691291544083
2673,652,1585,0.0630799314606525,0,3.9493725191415967
2674,942,1712,0.07997299320171675,0,2.8715642121745963
2675,838,1392,0.05503232628427146,1,5.546664875205717
2676,438,1551,0.02930282630808132,0,22.408199146798403
2677,74,1726,0.08288230845366701,0,4.265501084514122
2678,624,1155,0.062495090853738035,0,8.161486718934965
2679,983,1946,0.05434392815374755,0,9.397805387225102
2680,304,1554,0.09924578215104951,0,0.05715653645204513
2681,260,1485,0.07879622367600653,0,0.36767284104057896
2682,180,1858,0.02115947761434608,0,2.0996057992622745
2683,517,1374,0.006503548545819727,0,0.13818152272360062
2684,534,1317,0.017694909513062552,0,4.548073698001466
2685,374,1540,0.094454079204617,0,4.892804506826788
2686,177,1783,0.02709818705224918,0,1.853886147495186
2687,27,1898,0.07679004980181875,1,3.1390507130387455
2688,722,1355,0.07208073747279033,1,3.804603783680088
2689,707,1505,0.07225004267470313,0,0.6452665562090467
2690,765,1749,0.0005423501324429814,0,0.2515595321665652
2691,396,1742,0.0902228989691306,0,13.9643910368157
2692,299,1222,0.06260471679393988,0,2.63193201556441
2693,208,1870,0.021141330804663894,0,2.730882808536641
2694,620,1202,0.044245188634025726,0,5.688597997077692
2695,402,1507,0.06307564198737006,0,12.063766392030582
2696,943,1701,0.09883374801709827,0,0.15513808085743033
2697,187,1182,0.0768729008324961,0,3.085645420256938
2698,847,1611,0.03575106219713873,0,9.401665330355758
2699,600,1981,0.05948433759361702,0,4.009708950630067
2700,967,1487,0.01249804999076647,0,11.574818678228889
2701,720,1231,0.059145087206056594,0,1.9488563540980257
2702,10,1392,0.05112600132666859,0,5.045516505869251
2703,831,1936,0.004408200113215155,0,2.9622484926438544
2704,621,1634,0.05392492998157577,0,15.482505393829161
2705,472,1936,0.035053540690104135,0,0.9045449624603086
2706,432,1802,0.07294878771420597,1,1.895271753523641
2707,552,1530,0.015688004361258747,0,5.869945991263075
2708,564,1399,0.0034641631206959625,0,3.1298213763266376
2709,667,1833,0.05675817781841458,0,1.0165267691602067
2710,899,1390,0.05482690933460247,0,3.7236770802683217
2711,10,1124,0.005395674532298778,0,1.61870486510714
2712,770,1552,0.0819190605994308,0,3.6733245409485837
2713,180,1629,0.0040616221318991895,0,3.7486732413650015
2714,251,1360,0.04927143197742101,0,7.321698861351259
2715,860,1949,0.08110381838958385,0,13.547017118936722
2716,931,1954,0.05073990463470022,0,0.5518506571878269
2717,453,1134,0.09145614302068548,0,5.64990494972001
2718,271,1541,0.03996838331101541,0,0.9098731748242805
2719,223,1832,0.06690759547223832,0,3.0162788711238657
2720,940,1739,0.07173011057396533,0,4.02873270583932
2721,181,1817,0.025984613741747077,1,4.597018860682422
2722,714,1921,0.06211110017117197,0,5.729429843265702
2723,343,1507,0.05302726178462426,0,1.9949013082478677
2724,592,1901,0.040000144006417465,0,5.071204011393479
2725,693,1599,0.01793456246872348,0,12.049050168895876
2726,242,1494,0.09942291802783468,0,4.603241027380585
2727,615,1026,0.015077536623604072,1,3.374239415291911
2728,407,1554,0.010397509347864842,0,9.820186401874007
2729,911,1225,0.06762336748172325,0,8.25717760688695
2730,611,1052,0.00029962869096844535,0,7.683152808029261
2731,260,1439,0.018041421587479466,1,3.8078139395245443
2732,340,1346,0.044621943648105004,0,2.6977279371405567
2733,184,1044,0.07362096578349202,0,15.361373242610517
2734,984,1264,0.02611512793638975,0,1.3368611149996368
2735,444,1240,0.013543968206660817,0,5.8996744333546305
2736,132,1802,0.05839956745122813,0,3.188266929194894
2737,559,1661,0.08104781987177137,0,4.689537854484615
2738,764,1474,0.05631513138834228,0,15.640759436443082
2739,61,1294,0.08355160063851426,0,2.6939971478444487
2740,294,1628,0.018175806295367858,0,5.487364137145563
2741,887,1734,0.05532597048033985,0,6.8193687358168
2742,594,1097,0.04184712305458982,0,1.9209403097862658
2743,834,1225,0.05805192569599578,0,1.6728954137173233
2744,17,1755,0.09446925988222643,0,10.401003825598089
2745,406,1186,0.07966247037497982,0,11.810367424762616
2746,937,1221,0.08649888986395443,0,2.433548166788321
2747,156,1295,0.07308030881233278,0,4.1209238272208335
2748,458,1274,0.06040457339418982,0,1.6332994207584877
2749,183,1484,0.08856452240230621,0,1.0577042728541042
2750,480,1753,0.07388426924831999,0,6.607553647338214
2751,856,1218,0.058672241704962574,0,1.1716201724472048
2752,589,1901,0.04103316495310201,1,0.8863804994200747
2753,75,1679,0.07919045402315217,0,0.7086792696445774
2754,673,1785,0.016754601299222717,0,4.178068669451895
2755,828,1860,0.0832300931862967,0,7.755688293318203
2756,789,1100,0.029147010159720745,0,1.3995543552964196
2757,834,1379,0.006292779773146229,0,3.755533416304071
2758,85,1859,0.031587987950065975,0,7.692326898359212
2759,557,1318,0.0003777990654550312,0,8.904373168962875
2760,701,1248,0.058437494548577676,0,11.258014904137323
2761,654,1620,0.03210514733185321,0,0.03027443149546432
2762,817,1567,0.04601016841389708,0,3.271845804323493
2763,927,1379,0.06102059510803374,0,11.022886011663536
2764,853,1709,0.04786795689276128,0,1.7424363843808943
2765,671,1264,0.062177859661959135,0,2.838080648381303
2766,367,1907,0.007390405122038091,0,7.240968247059744
2767,260,1558,0.020772053088887823,0,4.1938453997386045
2768,278,1393,0.04690606855260922,0,2.2486437462842606
2769,692,1194,0.07064548724923814,0,1.4738273963146518
2770,290,1718,0.023424877222154663,0,5.2508744169645984
2771,549,1896,0.005132710815887432,1,5.83381282178286
2772,348,1504,0.04511027493681659,0,0.28707324381092625
2773,892,1590,0.052959278027378875,0,24.94080928077064
2774,107,1143,0.03186701472081107,0,3.9370176585283794
2775,106,1515,0.029287873764735007,1,0.8867466363861585
2776,148,1784,0.07921822711394044,0,3.7030984972748966
2777,556,1197,0.0397619594989782,0,27.98799945173373
2778,254,1699,0.08317847789941768,0,5.074309689697612
2779,122,1956,0.01196581425782639,0,3.338573883114457
2780,741,1625,0.019210028275679403,0,0.6585623239549466
2781,541,1795,0.011093671435871033,1,10.3201382679877
2782,684,1010,0.05889285682431797,0,7.573511627923867
2783,359,1527,0.01977870271575263,1,5.632279979400579
2784,74,1834,0.017317688625905138,1,8.730611842237684
2785,710,1072,0.0862979045512915,0,18.376052669845407
2786,14,1255,0.007348282679132734,0,1.8840220628413311
2787,415,1486,0.034136760499415886,0,2.661577224762871
2788,38,1414,0.09419838099074088,0,0.3689469393734516
2789,45,1265,0.015155681266161748,1,2.490960103914461
2790,793,1678,0.040924147585402415,0,1.2551738482348662
2791,127,1470,0.06547641121679339,0,7.089649282043267
2792,315,1160,0.051276219699886876,1,9.568333136306823
2793,280,1077,0.015461424189354213,0,5.785106806243707
2794,894,1746,0.05441896851604642,0,10.262190940641709
2795,887,1665,0.009180321765012822,0,0.06504309098372871
2796,310,1277,0.017377589358526346,0,9.927169924845714
2797,630,1942,0.09113595219394195,0,4.853473124331656
2798,961,1830,0.08922046521105442,0,15.806263813647751
2799,488,1501,0.03740286932131281,0,0.5690171742654226
2800,875,1007,0.09891392052251227,0,7.734484896060453
2801,131,1325,0.031181421956062084,0,2.3087795699855147
2802,233,1291,0.020972227267988752,0,19.412572906143517
2803,365,1564,0.018538297339447642,0,0.4483507369453248
2804,744,1848,0.008374514163459057,0,2.794206783170172
2805,514,1261,0.017106004014285716,1,5.670613558310144
2806,626,1977,0.02611515700373467,0,1.4999400606929996
2807,111,1344,0.04925269375354178,0,0.8534802864255914
2808,446,1252,0.06553712894775027,1,2.107831474972336
2809,97,1443,0.0045543082170011245,0,6.529570967933811
2810,738,1292,0.041651421597995536,0,0.40629683058094557
2811,295,1777,0.05169472608032009,0,1.1038292800111318
2812,96,1595,0.0907744395884726,0,14.198154214390588
2813,776,1260,0.008241369555187028,0,10.594260419903843
2814,433,1988,0.0863855695692002,0,0.7504043877889176
2815,684,1444,0.00827677634452234,1,8.119889114441023
2816,488,1607,0.05833440746341563,0,0.804424067077092
2817,764,1889,0.013242266459556618,0,2.418376590950746
2818,102,1204,0.08628986471203483,0,5.164673979564967
2819,749,1117,0.01913960310507187,1,4.327750925564599
2820,525,1988,0.07680562601441202,0,0.03727512932517046
2821,50,1041,0.08916601186292408,0,1.0992600191300541
2822,731,1600,0.07144297477761341,0,0.7687980294587784
2823,350,1281,0.02147447759344913,0,4.912920418718631
2824,913,1463,0.0844053422555006,1,12.222720999646913
2825,871,1127,0.038701690118471556,0,6.593788945028841
2826,678,1151,0.09800162971522047,0,10.48035978778917
2827,313,1134,0.058185574101547656,0,8.679271041720977
2828,262,1812,0.07991967056350666,1,1.9469229679461164
2829,917,1198,0.013117659381409352,0,2.344352178172497
2830,913,1057,0.013701808294109242,0,6.118508849308251
2831,817,1266,0.04509626514558886,0,0.8804937801137427
2832,833,1522,0.07472921974100445,0,2.7287538628583876
2833,163,1211,0.03861382723822121,1,0.22390798257452355
2834,35,1452,0.059119263025211456,0,2.3258388993462726
2835,619,1723,0.08270491558670455,0,1.0089263244229902
2836,873,1712,0.04890244137726884,1,3.6794689203543256
2837,678,1642,0.04206226924997332,0,6.728601004585727
2838,928,1016,0.063832902147218,1,2.974536326993606
2839,718,1135,0.06366663359866463,0,5.3287226519960065
2840,105,1794,0.046792215786673835,0,31.620296288487324
2841,555,1910,0.012709886925308245,0,1.3723114713650995
2842,952,1995,0.02165086527545166,1,14.548158131868373
2843,926,1202,0.05755985457173268,0,2.040828515091751
2844,765,1847,0.08269480474311419,0,0.4881595962032331
2845,936,1033,0.0720051774804837,0,3.3143210669415755
2846,338,1252,0.05247906641804241,0,0.862941020705416
2847,272,1902,0.017425468355709583,0,1.5144889621090087
2848,793,1533,0.0133238069087269,0,7.483500137893864
2849,699,1455,0.02084452397195459,1,0.4586322053205177
2850,736,1192,0.029092574414291673,0,11.895600293507771
2851,940,1158,0.019303122125284223,0,2.7803981795705495
2852,232,1546,0.09855021624014393,0,1.259339978153693
2853,967,1326,0.04802899589245525,1,1.989895651904109
2854,648,1963,0.0852030965362377,0,5.1765502821690745
2855,19,1527,0.048685214401187706,0,5.93686478356218
2856,617,1736,0.08266780988154636,0,0.6872979152214338
2857,449,1886,0.08707347312098596,0,3.614902292960556
2858,825,1365,0.0895972995430628,0,0.8330967050026283
2859,954,1074,0.010077534221662354,0,5.2102558514235975
2860,581,1420,0.09582697726763127,0,2.2414901010229755
2861,149,1962,0.06513822210059908,0,2.2713437804078116
2862,146,1276,0.09595462126211166,0,0.9107666946242086
2863,179,1877,0.07403834091923049,0,2.2785301066620334
2864,314,1173,0.04995958380677749,0,1.201793473342239
2865,173,1725,0.008244969902314025,0,1.887056335874048
2866,111,1935,0.04535698009823807,0,1.1799552668983475
2867,629,1104,0.05272284352820608,0,1.293134147082925
2868,475,1851,0.09413758243972195,0,1.42213153881233
2869,470,1421,0.016413660019148714,0,1.5641806013981874
2870,733,1298,0.004221385325099836,1,2.9284883863838034
2871,743,1899,0.007112587692882921,1,1.0068149153281072
2872,998,1490,0.021632786533431772,0,24.194274282965566
2873,866,1530,0.07946230499245913,0,3.6020745026910794
2874,789,1868,0.062422264802502916,0,7.586162419915162
2875,640,1391,0.04683268006277655,0,7.045321472519447
2876,119,1899,0.06739762967204503,1,0.4521392386441906
2877,775,1733,0.09453829008328957,0,5.498560563644834
2878,124,1701,0.0588786113870467,0,5.476308088634484
2879,462,1917,0.06402384008470872,0,1.7307084856144896
2880,128,1058,0.020755159432197468,0,3.6774484329912918
2881,249,1843,0.030767584384238423,1,3.765970633786298
2882,337,1723,0.060632416519949765,0,5.672441007743123
2883,141,1717,0.05254974859928124,0,0.5162915172784253
2884,522,1811,0.07173753829175632,0,3.1471330116316216
2885,112,1512,0.09611802669093739,1,4.300606693203152
2886,804,1394,0.06375068884698176,0,0.7560292130068675
2887,443,1636,0.023412820435745864,0,6.922918974830244
2888,439,1846,0.08239223080318556,0,9.456903211580784
2889,855,1905,0.058334649059776394,1,5.214063799985383
2890,97,1804,0.057652295552338584,0,5.695954461373789
2891,925,1701,0.09096892033466397,0,9.172018821945334
2892,305,1021,0.06800796933363266,0,17.605105172318847
2893,648,1198,0.06547653982932398,0,16.483540698470154
2894,182,1693,0.06002522047944282,0,4.563061378443479
2895,475,1589,0.00036804815096539437,0,3.0217355831587183
2896,103,1286,0.08558554733460438,1,0.7894791989884552
2897,193,1472,0.03343385088712708,0,0.08219041580434448
2898,133,1011,0.05545228272440064,0,3.5172164298579474
2899,374,1995,0.07316705545262787,0,1.9359500318409615
2900,884,1144,0.04072472645714327,0,4.659473071003745
2901,815,1388,0.04809348219046621,0,3.0912495449842763
2902,851,1563,0.02982429747053056,1,7.030619509371227
2903,269,1808,0.01632252656875729,0,8.069184505747026
2904,391,1004,0.005374837148486189,0,3.6764905904383123
2905,41,1306,0.027452531863242303,0,4.934756389518861
2906,155,1261,0.03945334516766327,1,1.6514470538026718
2907,810,1730,0.052658769808263964,1,0.22681186421519187
2908,302,1367,0.027447348074215783,0,0.9818703437424108
2909,922,1791,0.05646378632148496,0,0.5234299620362938
2910,875,1290,0.01158407914740507,0,7.7684853685051225
2911,783,1379,0.07524375769147745,0,4.188741474053418
2912,532,1596,0.034065131025154294,0,2.022127576679425
2913,641,1301,0.0875836239188577,0,0.7137870744276615
2914,260,1545,0.028070880193323478,0,0.4774318154467527
2915,718,1643,0.0009525363129993525,0,18.238038351410097
2916,353,1779,0.029888866521146674,0,0.1513970625202595
2917,235,1310,0.04232516944701789,0,5.430962278728579
2918,548,1305,0.09278380361843534,0,7.996423782592411
2919,961,1802,0.008775997603085306,0,0.9943078193002265
2920,676,1951,0.005500085801923194,0,0.18649991371412458
2921,727,1773,0.04849525825464354,0,2.9843752645343824
2922,396,1796,0.09078167808556516,0,2.2514279167948508
2923,160,1303,0.02120758280640427,0,23.53774704615761
2924,769,1733,0.03204958643622272,0,13.102544881715163
2925,879,1331,0.04258775091907716,0,4.802843488117496
2926,122,1833,0.03969303084596663,0,2.3410098873529765
2927,457,1390,0.09668123793383065,0,4.104161560294873
2928,360,1264,0.0008914191161305985,0,4.620835060132306
2929,972,1492,0.08766954673430848,1,3.779775663345421
2930,176,1164,0.07709333127757402,0,10.479754824951392
2931,34,1709,0.04813483363180057,0,2.803708357745826
2932,238,1484,0.001822530124449684,0,5.227517071673148
2933,494,1887,0.014898637323189336,0,1.223685438906784
2934,495,1607,0.02773631817286533,1,1.9842344133470116
2935,117,1350,0.0482186352291503,0,11.373642554962213
2936,231,1638,0.01738493034926124,0,3.7963359412962165
2937,490,1312,0.05536038921762998,0,6.158302249574838
2938,767,1237,0.08454814072982503,0,4.042427535901755
2939,800,1325,0.015551299390488816,0,5.186936192151853
2940,292,1924,0.014272295811526604,0,1.934526758558931
2941,778,1408,0.01805049596772054,0,4.053998074641135
2942,215,1447,0.061143534432911775,0,10.577306873937074
2943,608,1375,0.0912839867744619,0,4.241395294563548
2944,887,1889,0.037389727233958225,1,6.879341095850188
2945,154,1253,0.07012268790706956,0,0.7573491937663263
2946,912,1489,0.002604632501426174,0,6.761021568502298
2947,518,1298,0.06551886085019304,0,26.31892609629677
2948,434,1313,0.0007297827117525802,0,2.7826810186051243
2949,423,1104,0.07980305906810257,1,27.507638977341507
2950,830,1677,0.04919451693790962,0,13.737730492518432
2951,933,1166,0.06545993483038662,0,1.3833834318877423
2952,678,1794,0.06659114193510526,0,14.59865986787105
2953,393,1043,0.00484144984843099,0,2.41868997933226
2954,855,1984,0.029545462749382613,0,6.695600784641992
2955,238,1921,0.0655337300637611,0,4.46015011055128
2956,687,1659,0.05744476247841671,0,2.7925773583676223
2957,118,1087,0.01001638312649299,0,8.630368439571823
2958,535,1421,0.056825111784003436,0,6.891281273455472
2959,183,1223,0.09207676648230297,0,1.0301336520964037
2960,373,1216,0.042064700741607744,0,24.45869072604684
2961,755,2000,0.014489398621924443,0,0.8726173632461148
2962,967,1642,0.046545358362671346,0,0.2824329910220635
2963,385,1748,0.09269242174306658,0,2.0235783334368334
2964,176,1988,0.09898464730219424,0,0.774594908439729
2965,508,1962,0.048285889846140496,0,24.13780816650625
2966,594,1154,0.04534826554597646,0,2.864564759212004
2967,462,1897,0.0024227089524942683,0,4.426480768976234
2968,559,1426,0.06554906989332525,0,1.6287199603390123
2969,429,1852,0.007344219090959514,0,20.494478248659878
2970,182,1504,0.025116612775055582,0,1.1110402146969358
2971,524,1757,0.06769943490677158,0,5.697308393941698
2972,305,1263,0.09360631692875687,0,6.379118730957373
2973,368,1359,0.07072259776084378,0,3.596451401394542
2974,825,1316,0.0992459775092612,0,2.3466983200642293
2975,135,1568,0.06740271701777516,0,6.14757082337076
2976,513,1697,0.09254355243765842,0,4.716788663212957
2977,202,1107,0.0929905868401458,0,10.901852223584214
2978,206,1310,0.06262414843382183,0,1.3516451960496698
2979,835,1924,0.09024754031434737,0,6.379380864382672
2980,203,1142,0.04899184404137011,0,14.936187918085459
2981,920,1274,0.038810906349132014,0,2.7208047064502336
2982,613,1298,0.032818183906818114,1,0.07215741024293806
2983,946,1930,0.05176463476848692,0,8.907658218299254
2984,502,1316,0.0024909687222184453,0,3.6628920724667493
2985,944,1744,0.0969470936886271,1,2.274160124393721
2986,30,1807,0.0025164007424317127,1,3.1925568537913662
2987,465,1891,0.07462860163976799,0,1.801974183194929
2988,706,1206,0.021628863533787224,1,3.718082908130888
2989,290,1766,0.022971739727453467,0,5.091962348224928
2990,324,1289,0.0033651174609053204,1,2.3933703870553495
2991,41,1097,0.07189709227424469,0,6.43103895473959
2992,843,1115,0.007961693245730239,0,2.969553126453209
2993,954,1388,0.08715950851053944,0,6.292406405249756
2994,78,1030,0.07285710537125606,0,9.919073039505419
2995,347,1297,0.0997294890255861,0,14.82435142737967
2996,405,1034,0.025846700486870877,0,1.8218884876509798
2997,257,1902,0.09736409692226664,0,0.5658991043530736
2998,935,1909,0.09320686655086972,0,0.5436357701101464
2999,882,1599,0.09901070780861634,0,11.513742402238904
3000,288,1443,0.0559367206940759,0,9.458054052551585
